30136-01,37136-01,897.0,937.0,967.0,967.0,997.0,1047.0,1097.0,1147.0,1747.31,1897.31,,,1547.0,1547.0,1587.0,1637.0,1637.0,1682.0,1727.0,1772.0,1772.0,1817.0,1867.0,2357.0
30136-03,37136-03,806.0,846.0,876.0,876.0,906.0,956.0,1006.0,1056.0,1655.7275,1805.7275,,,1431.0,1431.0,1471.0,1521.0,1521.0,1566.0,1611.0,1656.0,1656.0,1701.0,1751.0,2106.0
30136-06,37136-06,586.0,606.0,621.0,621.0,641.0,661.0,681.0,701.0,925.705,1075.705,,,1086.0,1086.0,1126.0,1176.0,1176.0,1221.0,1266.0,1311.0,1311.0,1356.0,1406.0,1761.0
30136-07,37136-07,690.0,730.0,760.0,760.0,790.0,840.0,890.0,940.0,1540.23,1690.23,,,1315.0,1315.0,1355.0,1405.0,1405.0,1450.0,1495.0,1540.0,1540.0,1585.0,1635.0,1990.0
30136-08,37136-08,690.0,730.0,760.0,760.0,790.0,840.0,890.0,940.0,1540.23,1690.23,,,1315.0,1315.0,1355.0,1405.0,1405.0,1450.0,1495.0,1540.0,1540.0,1585.0,1635.0,1990.0
30136-09,37136-09,383.0,403.0,418.0,418.0,453.0,488.0,523.0,558.0,977.6675,1082.6675,,,658.0,658.0,698.0,748.0,748.0,793.0,838.0,883.0,883.0,928.0,958.0,1108.0
30136-10,37136-10,327.0,347.0,362.0,362.0,382.0,402.0,422.0,442.0,666.535,726.535,,,562.0,562.0,602.0,652.0,652.0,697.0,742.0,787.0,787.0,832.0,862.0,1012.0
30136-11,37136-11,377.0,397.0,412.0,412.0,447.0,482.0,517.0,552.0,972.085,1077.085,,,677.0,677.0,717.0,767.0,767.0,812.0,857.0,902.0,902.0,947.0,977.0,1127.0
30136-12,37136-12,377.0,397.0,412.0,412.0,447.0,482.0,517.0,552.0,972.085,1077.085,,,677.0,677.0,717.0,767.0,767.0,812.0,857.0,902.0,902.0,947.0,977.0,1127.0
30136-14,37136-14,624.0,644.0,659.0,659.0,674.0,694.0,714.0,734.0,1303.7525,1423.7525,,,1124.0,1124.0,1164.0,1214.0,1214.0,1259.0,1304.0,1349.0,1349.0,1394.0,1444.0,1799.0
30136-15,37136-15,623.0,663.0,693.0,693.0,723.0,773.0,823.0,873.0,1472.6675,1622.6675,,,1123.0,1123.0,1163.0,1213.0,1213.0,1258.0,1303.0,1348.0,1348.0,1393.0,1443.0,1798.0
30136-16,37136-16,623.0,663.0,693.0,693.0,723.0,773.0,823.0,873.0,1472.6675,1622.6675,,,1123.0,1123.0,1163.0,1213.0,1213.0,1258.0,1303.0,1348.0,1348.0,1393.0,1443.0,1798.0
30136-19,37136-19,630.0,670.0,700.0,700.0,730.0,780.0,830.0,880.0,1480.28,1630.28,,,1130.0,1130.0,1170.0,1220.0,1220.0,1265.0,1310.0,1355.0,1355.0,1400.0,1450.0,1805.0
30136-20,37136-20,630.0,670.0,700.0,700.0,730.0,780.0,830.0,880.0,1480.28,1630.28,,,1130.0,1130.0,1170.0,1220.0,1220.0,1265.0,1310.0,1355.0,1355.0,1400.0,1450.0,1805.0
30136-35,37136-35,624.0,664.0,694.0,694.0,724.0,774.0,824.0,874.0,1303.7525,1423.7525,,,1124.0,1124.0,1164.0,1214.0,1214.0,1259.0,1304.0,1349.0,1349.0,1394.0,1444.0,1799.0
30136-36,37136-36,624.0,664.0,694.0,694.0,724.0,774.0,824.0,874.0,1303.7525,1423.7525,,,1124.0,1124.0,1164.0,1214.0,1214.0,1259.0,1304.0,1349.0,1349.0,1394.0,1444.0,1799.0
30136-41,37136-41,66.0,71.0,76.0,76.0,81.0,91.0,101.0,106.0,236.465,266.465,,,96.0,96.0,101.0,106.0,106.0,111.0,121.0,131.0,131.0,141.0,146.0,181.0
30136-64,37136-64,175.0,195.0,210.0,210.0,230.0,250.0,270.0,290.0,450.19,510.19,230.19,250.19,330.0,330.0,350.0,365.0,365.0,380.0,390.0,400.0,400.0,410.0,420.0,550.0
30136-71,37136-71,376.0,396.0,411.0,411.0,431.0,451.0,471.0,491.0,716.0275,866.0275,,,611.0,611.0,651.0,701.0,701.0,746.0,791.0,836.0,836.0,881.0,901.0,1286.0
30136-74,37136-74,207.0,227.0,242.0,242.0,262.0,282.0,302.0,322.0,481.7025,541.7025,261.7025,281.7025,397.0,397.0,417.0,432.0,432.0,447.0,457.0,467.0,467.0,477.0,487.0,617.0
30137-01,37137-01,900.0,940.0,970.0,970.0,1000.0,1050.0,1100.0,1150.0,1750.46,1900.46,,,1550.0,1550.0,1590.0,1640.0,1640.0,1685.0,1730.0,1775.0,1775.0,1820.0,1870.0,2360.0
30137-03,37137-03,809.0,849.0,879.0,879.0,909.0,959.0,1009.0,1059.0,1658.895,1808.895,,,1434.0,1434.0,1474.0,1524.0,1524.0,1569.0,1614.0,1659.0,1659.0,1704.0,1754.0,2109.0
30137-06,37137-06,586.0,606.0,621.0,621.0,641.0,661.0,681.0,701.0,-64.295,85.705,,,1086.0,1086.0,1126.0,1176.0,1176.0,1221.0,1266.0,1311.0,1311.0,1356.0,1406.0,1761.0
30137-07,37137-07,692.0,732.0,762.0,762.0,792.0,842.0,892.0,942.0,1541.7875,1691.7875,,,1317.0,1317.0,1357.0,1407.0,1407.0,1452.0,1497.0,1542.0,1542.0,1587.0,1637.0,1992.0
30137-08,37137-08,692.0,732.0,762.0,762.0,792.0,842.0,892.0,942.0,1541.7875,1691.7875,,,1317.0,1317.0,1357.0,1407.0,1407.0,1452.0,1497.0,1542.0,1542.0,1587.0,1637.0,1992.0
30137-09,37137-09,383.0,402.0,417.0,417.0,452.0,487.0,522.0,557.0,976.81,1081.81,,,657.0,657.0,697.0,747.0,747.0,792.0,837.0,882.0,882.0,927.0,957.0,1107.0
30137-10,37137-10,327.0,346.0,361.0,361.0,381.0,401.0,421.0,441.0,665.5025,725.5025,,,561.0,561.0,601.0,651.0,651.0,696.0,741.0,786.0,786.0,831.0,861.0,1011.0
30137-11,37137-11,377.0,399.0,414.0,414.0,449.0,484.0,519.0,554.0,973.66,1078.66,,,679.0,679.0,719.0,769.0,769.0,814.0,859.0,904.0,904.0,949.0,979.0,1129.0
30137-12,37137-12,377.0,399.0,414.0,414.0,449.0,484.0,519.0,554.0,973.66,1078.66,,,679.0,679.0,719.0,769.0,769.0,814.0,859.0,904.0,904.0,949.0,979.0,1129.0
30137-14,37137-14,624.0,644.0,659.0,659.0,674.0,694.0,714.0,734.0,1303.6475,1423.6475,,,1124.0,1124.0,1164.0,1214.0,1214.0,1259.0,1304.0,1349.0,1349.0,1394.0,1444.0,1799.0
30137-15,37137-15,623.0,663.0,693.0,693.0,723.0,773.0,823.0,873.0,1472.6675,1622.6675,,,1123.0,1123.0,1163.0,1213.0,1213.0,1258.0,1303.0,1348.0,1348.0,1393.0,1443.0,1798.0
30137-16,37137-16,623.0,663.0,693.0,693.0,723.0,773.0,823.0,873.0,1472.6675,1622.6675,,,1123.0,1123.0,1163.0,1213.0,1213.0,1258.0,1303.0,1348.0,1348.0,1393.0,1443.0,1798.0
30137-19,37137-19,620.0,660.0,690.0,690.0,720.0,770.0,820.0,870.0,1470.025,1620.025,,,1120.0,1120.0,1160.0,1210.0,1210.0,1255.0,1300.0,1345.0,1345.0,1390.0,1440.0,1795.0
30137-20,37137-20,620.0,660.0,690.0,690.0,720.0,770.0,820.0,870.0,1470.025,1620.025,,,1120.0,1120.0,1160.0,1210.0,1210.0,1255.0,1300.0,1345.0,1345.0,1390.0,1440.0,1795.0
30137-35,37137-35,624.0,664.0,694.0,694.0,724.0,774.0,824.0,874.0,1303.6475,1423.6475,,,1124.0,1124.0,1164.0,1214.0,1214.0,1259.0,1304.0,1349.0,1349.0,1394.0,1444.0,1799.0
30137-36,37137-36,624.0,664.0,694.0,694.0,724.0,774.0,824.0,874.0,1303.6475,1423.6475,,,1124.0,1124.0,1164.0,1214.0,1214.0,1259.0,1304.0,1349.0,1349.0,1394.0,1444.0,1799.0
30137-41,37137-41,66.0,71.0,76.0,76.0,81.0,91.0,101.0,106.0,236.465,266.465,,,96.0,96.0,101.0,106.0,106.0,111.0,121.0,131.0,131.0,141.0,146.0,181.0
30137-64,37137-64,169.0,189.0,204.0,204.0,224.0,244.0,264.0,284.0,444.1175,504.1175,224.0,244.0,324.0,324.0,344.0,359.0,359.0,374.0,384.0,394.0,394.0,404.0,414.0,544.0
30137-71,37137-71,376.0,396.0,411.0,411.0,431.0,451.0,471.0,491.0,716.0275,866.0275,,,611.0,611.0,651.0,701.0,701.0,746.0,791.0,836.0,836.0,881.0,901.0,1286.0
30137-74,37137-74,207.0,226.0,241.0,241.0,261.0,281.0,301.0,321.0,481.2825,541.2825,261.0,281.0,396.0,396.0,416.0,431.0,431.0,446.0,456.0,466.0,466.0,476.0,486.0,616.0
30192-01,37192-01,1050.0,1090.0,1120.0,1120.0,1150.0,1200.0,1250.0,1300.0,1900.46,2050.46,,,1700.0,1700.0,1740.0,1790.0,1790.0,1835.0,1880.0,1925.0,1925.0,1970.0,2020.0,2510.0
30192-03,37192-03,959.0,999.0,1029.0,1029.0,1059.0,1109.0,1159.0,1209.0,1808.895,1958.895,,,1584.0,1584.0,1624.0,1674.0,1674.0,1719.0,1764.0,1809.0,1809.0,1854.0,1904.0,2259.0
30192-06,37192-06,736.0,756.0,771.0,771.0,791.0,811.0,831.0,851.0,1075.705,1225.705,,,1236.0,1236.0,1276.0,1326.0,1326.0,1371.0,1416.0,1461.0,1461.0,1506.0,1556.0,1911.0
30192-07,37192-07,842.0,882.0,912.0,912.0,942.0,992.0,1042.0,1092.0,1691.7875,1841.7875,,,1467.0,1467.0,1507.0,1557.0,1557.0,1602.0,1647.0,1692.0,1692.0,1737.0,1787.0,2142.0
30192-08,37192-08,842.0,882.0,912.0,912.0,942.0,992.0,1042.0,1092.0,1691.7875,1841.7875,,,1467.0,1467.0,1507.0,1557.0,1557.0,1602.0,1647.0,1692.0,1692.0,1737.0,1787.0,2142.0
30192-09,37192-09,482.0,502.0,517.0,517.0,552.0,587.0,622.0,657.0,1076.81,1181.81,,,757.0,757.0,797.0,847.0,847.0,892.0,937.0,982.0,982.0,1027.0,1057.0,1207.0
30192-10,37192-10,426.0,446.0,461.0,461.0,481.0,501.0,521.0,541.0,765.5025,825.5025,,,661.0,661.0,701.0,751.0,751.0,796.0,841.0,886.0,886.0,931.0,961.0,1111.0
30192-11,37192-11,479.0,499.0,514.0,514.0,549.0,584.0,619.0,654.0,1073.66,1178.66,,,779.0,779.0,819.0,869.0,869.0,914.0,959.0,1004.0,1004.0,1049.0,1079.0,1229.0
30192-12,37192-12,479.0,499.0,514.0,514.0,549.0,584.0,619.0,654.0,1073.66,1178.66,,,779.0,779.0,819.0,869.0,869.0,914.0,959.0,1004.0,1004.0,1049.0,1079.0,1229.0
30192-14,37192-14,774.0,794.0,809.0,809.0,824.0,844.0,864.0,884.0,1453.6475,1573.6475,,,1274.0,1274.0,1314.0,1364.0,1364.0,1409.0,1454.0,1499.0,1499.0,1544.0,1594.0,1949.0
30192-15,37192-15,773.0,813.0,843.0,843.0,873.0,923.0,973.0,1023.0,1622.6675,1772.6675,,,1273.0,1273.0,1313.0,1363.0,1363.0,1408.0,1453.0,1498.0,1498.0,1543.0,1593.0,1948.0
30192-16,37192-16,773.0,813.0,843.0,843.0,873.0,923.0,973.0,1023.0,1622.6675,1772.6675,,,1273.0,1273.0,1313.0,1363.0,1363.0,1408.0,1453.0,1498.0,1498.0,1543.0,1593.0,1948.0
30192-19,37192-19,770.0,810.0,840.0,840.0,870.0,920.0,970.0,1020.0,1620.025,1770.025,,,1270.0,1270.0,1310.0,1360.0,1360.0,1405.0,1450.0,1495.0,1495.0,1540.0,1590.0,1945.0
30192-20,37192-20,770.0,810.0,840.0,840.0,870.0,920.0,970.0,1020.0,1620.025,1770.025,,,1270.0,1270.0,1310.0,1360.0,1360.0,1405.0,1450.0,1495.0,1495.0,1540.0,1590.0,1945.0
30192-35,37192-35,774.0,814.0,844.0,844.0,874.0,924.0,974.0,1024.0,1453.6475,1573.6475,,,1274.0,1274.0,1314.0,1364.0,1364.0,1409.0,1454.0,1499.0,1499.0,1544.0,1594.0,1949.0
30192-36,37192-36,774.0,814.0,844.0,844.0,874.0,924.0,974.0,1024.0,1453.6475,1573.6475,,,1274.0,1274.0,1314.0,1364.0,1364.0,1409.0,1454.0,1499.0,1499.0,1544.0,1594.0,1949.0
30192-41,37192-41,116.0,121.0,126.0,126.0,131.0,141.0,151.0,156.0,286.465,316.465,,,146.0,146.0,151.0,156.0,156.0,161.0,171.0,181.0,181.0,191.0,196.0,231.0
30192-64,37192-64,219.0,239.0,254.0,254.0,274.0,294.0,314.0,334.0,494.1175,554.1175,274.0,294.0,374.0,374.0,394.0,409.0,409.0,424.0,434.0,444.0,444.0,454.0,464.0,594.0
30192-71,37192-71,476.0,496.0,511.0,511.0,531.0,551.0,571.0,591.0,816.0275,966.0275,,,711.0,711.0,751.0,801.0,801.0,846.0,891.0,936.0,936.0,981.0,1001.0,1386.0
30192-74,37192-74,256.0,276.0,291.0,291.0,311.0,331.0,351.0,371.0,531.2825,591.2825,311.0,331.0,446.0,446.0,466.0,481.0,481.0,496.0,506.0,516.0,516.0,526.0,536.0,666.0
30193-01,37193-01,1047.0,1087.0,1117.0,1117.0,1147.0,1197.0,1247.0,1297.0,1897.31,2047.31,,,1697.0,1697.0,1737.0,1787.0,1787.0,1832.0,1877.0,1922.0,1922.0,1967.0,2017.0,2507.0
30193-03,37193-03,956.0,996.0,1026.0,1026.0,1056.0,1106.0,1156.0,1206.0,1805.7275,1955.7275,,,1581.0,1581.0,1621.0,1671.0,1671.0,1716.0,1761.0,1806.0,1806.0,1851.0,1901.0,2256.0
30193-06,37193-06,736.0,756.0,771.0,771.0,791.0,811.0,831.0,851.0,-64.295,85.705,,,1236.0,1236.0,1276.0,1326.0,1326.0,1371.0,1416.0,1461.0,1461.0,1506.0,1556.0,1911.0
30193-07,37193-07,840.0,880.0,910.0,910.0,940.0,990.0,1040.0,1090.0,1690.23,1840.23,,,1465.0,1465.0,1505.0,1555.0,1555.0,1600.0,1645.0,1690.0,1690.0,1735.0,1785.0,2140.0
30193-08,37193-08,840.0,880.0,910.0,910.0,940.0,990.0,1040.0,1090.0,1690.23,1840.23,,,1465.0,1465.0,1505.0,1555.0,1555.0,1600.0,1645.0,1690.0,1690.0,1735.0,1785.0,2140.0
30193-09,37193-09,483.0,503.0,518.0,518.0,553.0,588.0,623.0,658.0,1077.6675,1182.6675,,,758.0,758.0,798.0,848.0,848.0,893.0,938.0,983.0,983.0,1028.0,1058.0,1208.0
30193-10,37193-10,427.0,447.0,462.0,462.0,482.0,502.0,522.0,542.0,766.535,826.535,,,662.0,662.0,702.0,752.0,752.0,797.0,842.0,887.0,887.0,932.0,962.0,1112.0
30193-11,37193-11,477.0,497.0,512.0,512.0,547.0,582.0,617.0,652.0,1072.085,1177.085,,,777.0,777.0,817.0,867.0,867.0,912.0,957.0,1002.0,1002.0,1047.0,1077.0,1227.0
30193-12,37193-12,477.0,497.0,512.0,512.0,547.0,582.0,617.0,652.0,1072.085,1177.085,,,777.0,777.0,817.0,867.0,867.0,912.0,957.0,1002.0,1002.0,1047.0,1077.0,1227.0
30193-14,37193-14,774.0,794.0,809.0,809.0,824.0,844.0,864.0,884.0,1453.7525,1573.7525,,,1274.0,1274.0,1314.0,1364.0,1364.0,1409.0,1454.0,1499.0,1499.0,1544.0,1594.0,1949.0
30193-15,37193-15,773.0,813.0,843.0,843.0,873.0,923.0,973.0,1023.0,1622.6675,1772.6675,,,1273.0,1273.0,1313.0,1363.0,1363.0,1408.0,1453.0,1498.0,1498.0,1543.0,1593.0,1948.0
30193-16,37193-16,773.0,813.0,843.0,843.0,873.0,923.0,973.0,1023.0,1622.6675,1772.6675,,,1273.0,1273.0,1313.0,1363.0,1363.0,1408.0,1453.0,1498.0,1498.0,1543.0,1593.0,1948.0
30193-19,37193-19,780.0,820.0,850.0,850.0,880.0,930.0,980.0,1030.0,1630.28,1780.28,,,1280.0,1280.0,1320.0,1370.0,1370.0,1415.0,1460.0,1505.0,1505.0,1550.0,1600.0,1955.0
30193-20,37193-20,780.0,820.0,850.0,850.0,880.0,930.0,980.0,1030.0,1630.28,1780.28,,,1280.0,1280.0,1320.0,1370.0,1370.0,1415.0,1460.0,1505.0,1505.0,1550.0,1600.0,1955.0
30193-35,37193-35,774.0,814.0,844.0,844.0,874.0,924.0,974.0,1024.0,1453.7525,1573.7525,,,1274.0,1274.0,1314.0,1364.0,1364.0,1409.0,1454.0,1499.0,1499.0,1544.0,1594.0,1949.0
30193-36,37193-36,774.0,814.0,844.0,844.0,874.0,924.0,974.0,1024.0,1453.7525,1573.7525,,,1274.0,1274.0,1314.0,1364.0,1364.0,1409.0,1454.0,1499.0,1499.0,1544.0,1594.0,1949.0
30193-41,37193-41,116.0,121.0,126.0,126.0,131.0,141.0,151.0,156.0,286.465,316.465,,,146.0,146.0,151.0,156.0,156.0,161.0,171.0,181.0,181.0,191.0,196.0,231.0
30193-64,37193-64,225.0,245.0,260.0,260.0,280.0,300.0,320.0,340.0,500.19,560.19,280.0,300.0,380.0,380.0,400.0,415.0,415.0,430.0,440.0,450.0,450.0,460.0,470.0,600.0
30193-71,37193-71,476.0,496.0,511.0,511.0,531.0,551.0,571.0,591.0,816.0275,966.0275,,,711.0,711.0,751.0,801.0,801.0,846.0,891.0,936.0,936.0,981.0,1001.0,1386.0
30193-74,37193-74,256.0,277.0,292.0,292.0,312.0,332.0,352.0,372.0,531.7025,591.7025,312.0,332.0,447.0,447.0,467.0,482.0,482.0,497.0,507.0,517.0,517.0,527.0,537.0,667.0
30236-03,37236-03,715.0,755.0,785.0,785.0,815.0,865.0,915.0,965.0,1565.2125,1715.2125,,,1340.0,1340.0,1380.0,1430.0,1430.0,1475.0,1520.0,1565.0,1565.0,1610.0,1660.0,2015.0
30236-S3,37236-S3,976.0,1016.0,1046.0,1046.0,1076.0,1126.0,1176.0,1226.0,1825.925,1975.925,,,1626.0,1626.0,1666.0,1716.0,1716.0,1761.0,1806.0,1851.0,1851.0,1896.0,1946.0,2436.0
30237-03,37237-03,717.0,757.0,787.0,787.0,817.0,867.0,917.0,967.0,1567.3125,1717.3125,,,1342.0,1342.0,1382.0,1432.0,1432.0,1477.0,1522.0,1567.0,1567.0,1612.0,1662.0,2017.0
30237-S3,37237-S3,976.0,1016.0,1046.0,1046.0,1076.0,1126.0,1176.0,1226.0,1825.925,1975.925,,,1626.0,1626.0,1666.0,1716.0,1716.0,1761.0,1806.0,1851.0,1851.0,1896.0,1946.0,2436.0
30292-03,37292-03,867.0,907.0,937.0,937.0,967.0,1017.0,1067.0,1117.0,1717.3125,1867.3125,,,1492.0,1492.0,1532.0,1582.0,1582.0,1627.0,1672.0,1717.0,1717.0,1762.0,1812.0,2167.0
30292-S3,37292-S3,1126.0,1166.0,1196.0,1196.0,1226.0,1276.0,1326.0,1376.0,1975.925,2125.925,,,1776.0,1776.0,1816.0,1866.0,1866.0,1911.0,1956.0,2001.0,2001.0,2046.0,2096.0,2586.0
30293-03,37293-03,865.0,905.0,935.0,935.0,965.0,1015.0,1065.0,1115.0,1715.2125,1865.2125,,,1490.0,1490.0,1530.0,1580.0,1580.0,1625.0,1670.0,1715.0,1715.0,1760.0,1810.0,2165.0
30293-S3,37293-S3,1126.0,1166.0,1196.0,1196.0,1226.0,1276.0,1326.0,1376.0,1975.925,2125.925,,,1776.0,1776.0,1816.0,1866.0,1866.0,1911.0,1956.0,2001.0,2001.0,2046.0,2096.0,2586.0
30180-10,37180-10,857.0,877.0,892.0,892.0,912.0,932.0,952.0,,1197.0,1257.0,,,1157.0,1157.0,1197.0,1247.0,1247.0,1292.0,1337.0,1382.0,1382.0,1427.0,1457.0,
30180-11,37180-11,945.0,965.0,980.0,980.0,1015.0,1050.0,1085.0,,1540.0,1645.0,,,1245.0,1245.0,1285.0,1335.0,1335.0,1380.0,1425.0,1470.0,1470.0,1515.0,1545.0,
30180-12,37180-12,945.0,965.0,980.0,980.0,1015.0,1050.0,1085.0,,1540.0,1645.0,,,1245.0,1245.0,1285.0,1335.0,1335.0,1380.0,1425.0,1470.0,1470.0,1515.0,1545.0,
30190-10,37190-10,907.0,927.0,942.0,942.0,962.0,982.0,1002.0,,1247.0,1307.0,,,1207.0,1207.0,1247.0,1297.0,1297.0,1342.0,1387.0,1432.0,1432.0,1477.0,1507.0,
30190-11,37190-11,995.0,1015.0,1030.0,1030.0,1065.0,1100.0,1135.0,,1590.0,1695.0,,,1295.0,1295.0,1335.0,1385.0,1385.0,1430.0,1475.0,1520.0,1520.0,1565.0,1595.0,
30190-12,37190-12,995.0,1015.0,1030.0,1030.0,1065.0,1100.0,1135.0,,1590.0,1695.0,,,1295.0,1295.0,1335.0,1385.0,1385.0,1430.0,1475.0,1520.0,1520.0,1565.0,1595.0,
30181-09,37181-09,636.0,656.0,671.0,671.0,706.0,741.0,776.0,811.0,1230.565,1335.565,,,936.0,936.0,976.0,1026.0,1026.0,1071.0,1116.0,1161.0,1161.0,1206.0,1236.0,1386.0
30181-10,37181-10,357.0,377.0,392.0,392.0,412.0,432.0,452.0,472.0,696.8275,756.8275,,,657.0,657.0,697.0,747.0,747.0,792.0,837.0,882.0,882.0,927.0,957.0,1107.0
30181-11,37181-11,445.0,465.0,480.0,480.0,515.0,550.0,585.0,620.0,1039.7525,1144.7525,,,745.0,745.0,785.0,835.0,835.0,880.0,925.0,970.0,970.0,1015.0,1045.0,1195.0
30181-12,37181-12,445.0,465.0,480.0,480.0,515.0,550.0,585.0,620.0,1039.7525,1144.7525,,,745.0,745.0,785.0,835.0,835.0,880.0,925.0,970.0,970.0,1015.0,1045.0,1195.0
30181-H2,37181-H2,193.0,198.0,203.0,203.0,208.0,213.0,218.0,223.0,327.615,352.615,,,218.0,218.0,223.0,228.0,228.0,233.0,238.0,243.0,243.0,248.0,253.0,293.0
30191-09,37191-09,636.0,656.0,671.0,671.0,706.0,741.0,776.0,811.0,1230.565,1335.565,,,936.0,936.0,976.0,1026.0,1026.0,1071.0,1116.0,1161.0,1161.0,1206.0,1236.0,1386.0
30191-10,37191-10,402.0,422.0,437.0,437.0,457.0,477.0,497.0,517.0,741.735,801.735,,,702.0,702.0,742.0,792.0,792.0,837.0,882.0,927.0,927.0,972.0,1002.0,1152.0
30191-11,37191-11,490.0,510.0,525.0,525.0,560.0,595.0,630.0,665.0,1084.6775,1189.6775,,,790.0,790.0,830.0,880.0,880.0,925.0,970.0,1015.0,1015.0,1060.0,1090.0,1240.0
30191-12,37191-12,490.0,510.0,525.0,525.0,560.0,595.0,630.0,665.0,1084.6775,1189.6775,,,790.0,790.0,830.0,880.0,880.0,925.0,970.0,1015.0,1015.0,1060.0,1090.0,1240.0
30191-H3,37191-H3,222.0,227.0,232.0,232.0,237.0,242.0,247.0,252.0,356.53,381.53,,,247.0,247.0,252.0,257.0,257.0,262.0,267.0,272.0,272.0,277.0,282.0,322.0
30280-10,37280-10,857.0,877.0,892.0,892.0,912.0,932.0,952.0,972.0,1196.6175,1256.6175,,,1157.0,1157.0,1197.0,1247.0,1247.0,1292.0,1337.0,1382.0,1382.0,1427.0,1457.0,1607.0
30280-11,37280-11,945.0,965.0,980.0,980.0,1015.0,1050.0,1085.0,1120.0,1540.1375,1645.1375,,,1245.0,1245.0,1285.0,1335.0,1335.0,1380.0,1425.0,1470.0,1470.0,1515.0,1545.0,1695.0
30280-12,37280-12,945.0,965.0,980.0,980.0,1015.0,1050.0,1085.0,1120.0,1540.1375,1645.1375,,,1245.0,1245.0,1285.0,1335.0,1335.0,1380.0,1425.0,1470.0,1470.0,1515.0,1545.0,1695.0
30290-10,37290-10,902.0,922.0,937.0,937.0,957.0,977.0,997.0,1017.0,1241.5075,1301.5075,,,1202.0,1202.0,1242.0,1292.0,1292.0,1337.0,1382.0,1427.0,1427.0,1472.0,1502.0,1652.0
30290-11,37290-11,990.0,1010.0,1025.0,1025.0,1060.0,1095.0,1130.0,1165.0,1585.0275,1690.0275,,,1290.0,1290.0,1330.0,1380.0,1380.0,1425.0,1470.0,1515.0,1515.0,1560.0,1590.0,1740.0
30290-12,37290-12,990.0,1010.0,1025.0,1025.0,1060.0,1095.0,1130.0,1165.0,1585.0275,1690.0275,,,1290.0,1290.0,1330.0,1380.0,1380.0,1425.0,1470.0,1515.0,1515.0,1560.0,1590.0,1740.0
31127-01,37127-01,705.0,745.0,775.0,775.0,805.0,855.0,905.0,955.0,1555.0,1705.0,,,1255.0,1255.0,1295.0,1345.0,1345.0,1390.0,1435.0,1480.0,1480.0,1525.0,1575.0,2065.0
31127-02,37127-02,373.4,393.4,408.4,408.4,428.4,448.4,468.0,488.0,798.0,873.0,,,548.0,548.0,588.0,638.0,638.0,683.0,728.0,773.0,773.0,818.0,868.0,1223.0
31127-03,37127-03,625.4575,665.4575,695.4575,695.4575,725.4575,775.4575,825.0,875.0,1475.0,1625.0,,,1075.0,1075.0,1115.0,1165.0,1165.0,1210.0,1255.0,1300.0,1300.0,1345.0,1395.0,1750.0
31127-04,37127-04,237.155,257.155,272.155,272.155,292.155,312.155,332.0,352.0,577.0,637.0,292.155,312.155,312.0,312.0,332.0,347.0,347.0,362.0,372.0,382.0,382.0,392.0,402.0,532.0
31127-07,37127-07,579.15,619.15,649.15,649.15,679.15,729.15,779.0,829.0,1429.0,1579.0,,,1004.0,1004.0,1044.0,1094.0,1094.0,1139.0,1184.0,1229.0,1229.0,1274.0,1324.0,1679.0
31127-08,37127-08,579.15,619.15,649.15,649.15,679.15,729.15,779.0,829.0,1429.0,1579.0,,,1004.0,1004.0,1044.0,1094.0,1094.0,1139.0,1184.0,1229.0,1229.0,1274.0,1324.0,1679.0
31127-15,37127-15,585.1175,625.1175,655.1175,655.1175,685.1175,735.1175,785.0,835.0,1435.0,1585.0,,,1010.0,1010.0,1050.0,1100.0,1100.0,1145.0,1190.0,1235.0,1235.0,1280.0,1330.0,1685.0
31127-16,37127-16,585.1175,625.1175,655.1175,655.1175,685.1175,735.1175,785.0,835.0,1435.0,1585.0,,,1010.0,1010.0,1050.0,1100.0,1100.0,1145.0,1190.0,1235.0,1235.0,1280.0,1330.0,1685.0
31127-39,37127-39,824.0,864.0,894.0,894.0,924.0,974.0,1024.0,1074.0,1674.0,1824.0,,,1349.0,1349.0,1389.0,1439.0,1439.0,1484.0,1529.0,1574.0,1574.0,1619.0,1669.0,2159.0
31127-40,37127-40,824.0,864.0,894.0,894.0,924.0,974.0,1024.0,1074.0,1674.0,1824.0,,,1349.0,1349.0,1389.0,1439.0,1439.0,1484.0,1529.0,1574.0,1574.0,1619.0,1669.0,2159.0
31127-54,37127-54,497.0,537.0,567.0,567.0,597.0,647.0,697.0,747.0,922.0,997.0,,,797.0,797.0,837.0,887.0,887.0,932.0,977.0,1022.0,1022.0,1067.0,1117.0,1472.0
31127-65,37127-65,76.0,81.0,86.0,86.0,91.0,101.0,111.0,116.0,246.0,276.0,,,116.0,116.0,121.0,126.0,126.0,131.0,141.0,151.0,151.0,161.0,166.0,191.0
31127-86,37127-86,783.0,823.0,853.0,853.0,883.0,933.0,983.0,1033.0,1633.0,1783.0,,,1308.0,1308.0,1348.0,1398.0,1398.0,1443.0,1488.0,1533.0,1533.0,1578.0,1628.0,1983.0
31127-87,37127-87,783.0,823.0,853.0,853.0,883.0,933.0,983.0,1033.0,1633.0,1783.0,,,1308.0,1308.0,1348.0,1398.0,1398.0,1443.0,1488.0,1533.0,1533.0,1578.0,1628.0,1983.0
31127-H1,37127-H1,93.2275,98.2275,103.2275,103.2275,108.2275,113.2275,119.0,124.0,229.0,254.0,,,119.0,119.0,124.0,129.0,129.0,134.0,139.0,144.0,144.0,149.0,154.0,194.0
31127-H2,37127-H2,103.2275,108.2275,113.2275,113.2275,118.2275,123.2275,129.0,134.0,239.0,264.0,,,129.0,129.0,134.0,139.0,139.0,144.0,149.0,154.0,154.0,159.0,164.0,204.0
31128-01,37128-01,770.0,810.0,840.0,840.0,870.0,920.0,970.0,1020.0,1620.2175,1770.2175,,,1295.0,1295.0,1335.0,1385.0,1385.0,1430.0,1475.0,1520.0,1520.0,1565.0,1615.0,2105.0
31128-03,37128-03,665.0,705.0,735.0,735.0,765.0,815.0,865.0,915.0,1514.52,1664.52,,,1090.0,1090.0,1130.0,1180.0,1180.0,1225.0,1270.0,1315.0,1315.0,1360.0,1410.0,1765.0
31128-07,37128-07,619.0,659.0,689.0,689.0,719.0,769.0,819.0,869.0,1468.8075,1618.8075,,,1044.0,1044.0,1084.0,1134.0,1134.0,1179.0,1224.0,1269.0,1269.0,1314.0,1364.0,1719.0
31128-08,37128-08,619.0,659.0,689.0,689.0,719.0,769.0,819.0,869.0,1468.8075,1618.8075,,,1044.0,1044.0,1084.0,1134.0,1134.0,1179.0,1224.0,1269.0,1269.0,1314.0,1364.0,1719.0
31128-14,37128-14,637.0,657.0,672.0,672.0,687.0,707.0,727.0,747.0,1317.2375,1437.2375,,,1017.0,1017.0,1057.0,1107.0,1107.0,1152.0,1197.0,1242.0,1242.0,1287.0,1337.0,1692.0
31128-15,37128-15,624.0,664.0,694.0,694.0,724.0,774.0,824.0,874.0,1474.46,1624.46,,,1049.0,1049.0,1089.0,1139.0,1139.0,1184.0,1229.0,1274.0,1274.0,1319.0,1369.0,1724.0
31128-16,37128-16,624.0,664.0,694.0,694.0,724.0,774.0,824.0,874.0,1474.46,1624.46,,,1049.0,1049.0,1089.0,1139.0,1139.0,1184.0,1229.0,1274.0,1274.0,1319.0,1369.0,1724.0
31128-35,37128-35,622.0,662.0,692.0,692.0,722.0,772.0,822.0,872.0,1302.2375,1422.2375,,,1047.0,1047.0,1087.0,1137.0,1137.0,1182.0,1227.0,1272.0,1272.0,1317.0,1367.0,1722.0
31128-36,37128-36,622.0,662.0,692.0,692.0,722.0,772.0,822.0,872.0,1302.2375,1422.2375,,,1047.0,1047.0,1087.0,1137.0,1137.0,1182.0,1227.0,1272.0,1272.0,1317.0,1367.0,1722.0
31128-37,37128-37,665.0,705.0,735.0,735.0,765.0,815.0,865.0,915.0,1514.52,1664.52,,,1115.0,1115.0,1155.0,1205.0,1205.0,1250.0,1295.0,1340.0,1340.0,1385.0,1435.0,1790.0
31128-38,37128-38,665.0,705.0,735.0,735.0,765.0,815.0,865.0,915.0,1514.52,1664.52,,,1115.0,1115.0,1155.0,1205.0,1205.0,1250.0,1295.0,1340.0,1340.0,1385.0,1435.0,1790.0
31128-39,37128-39,860.0,900.0,930.0,930.0,960.0,1010.0,1060.0,1110.0,1709.9275,1859.9275,,,1385.0,1385.0,1425.0,1475.0,1475.0,1520.0,1565.0,1610.0,1610.0,1655.0,1705.0,2195.0
31128-40,37128-40,860.0,900.0,930.0,930.0,960.0,1010.0,1060.0,1110.0,1709.9275,1859.9275,,,1385.0,1385.0,1425.0,1475.0,1475.0,1520.0,1565.0,1610.0,1610.0,1655.0,1705.0,2195.0
31128-64,37128-64,248.0,268.0,283.0,283.0,303.0,323.0,343.0,363.0,522.635,582.635,303.0,323.0,358.0,358.0,378.0,393.0,393.0,408.0,418.0,428.0,428.0,438.0,448.0,578.0
31128-74,37128-74,273.0,293.0,308.0,308.0,328.0,348.0,368.0,388.0,548.3125,608.3125,328.0,348.0,403.0,403.0,423.0,438.0,438.0,453.0,463.0,473.0,473.0,483.0,493.0,623.0
31128-86,37128-86,818.0,858.0,888.0,888.0,918.0,968.0,1018.0,1068.0,1667.645,1817.645,,,1343.0,1343.0,1383.0,1433.0,1433.0,1478.0,1523.0,1568.0,1568.0,1613.0,1663.0,2018.0
31128-87,37128-87,818.0,858.0,888.0,888.0,918.0,968.0,1018.0,1068.0,1667.645,1817.645,,,1343.0,1343.0,1383.0,1433.0,1433.0,1478.0,1523.0,1568.0,1568.0,1613.0,1663.0,2018.0
31128-S3,37128-S3,864.0,904.0,934.0,934.0,964.0,1014.0,1064.0,1114.0,1713.795,1863.795,,,1389.0,1389.0,1429.0,1479.0,1479.0,1524.0,1569.0,1614.0,1614.0,1659.0,1709.0,2199.0
31128-H2,37128-H2,103.0,109.0,114.0,114.0,119.0,124.0,129.0,134.0,238.9275,263.9275,,,129.0,129.0,134.0,139.0,139.0,144.0,149.0,154.0,154.0,159.0,164.0,204.0
31128-H3,37128-H3,119.0,124.0,129.0,129.0,134.0,139.0,144.0,149.0,253.9275,278.9275,,,139.0,139.0,144.0,149.0,149.0,154.0,159.0,164.0,164.0,169.0,174.0,214.0
30215-01,37215-01,445.0,485.0,515.0,515.0,545.0,595.0,645.0,695.0,1295.3125,1445.3125,,,845.0,845.0,885.0,935.0,935.0,980.0,1025.0,1070.0,1070.0,1115.0,1165.0,1655.0
30215-02,37215-02,252.0,272.0,287.0,287.0,307.0,327.0,347.0,367.0,676.55,751.55,,,427.0,427.0,467.0,517.0,517.0,562.0,607.0,652.0,652.0,697.0,747.0,1102.0
30215-03,37215-03,385.0,425.0,455.0,455.0,485.0,535.0,585.0,635.0,1234.5575,1384.5575,,,785.0,785.0,825.0,875.0,875.0,920.0,965.0,1010.0,1010.0,1055.0,1105.0,1460.0
30215-04,37215-04,142.0,162.0,177.0,177.0,197.0,217.0,237.0,257.0,481.915,541.915,,,217.0,217.0,237.0,252.0,252.0,267.0,277.0,287.0,287.0,297.0,307.0,437.0
30215-24,37215-24,232.0,252.0,267.0,267.0,287.0,307.0,327.0,347.0,571.9225,631.9225,,,282.0,282.0,322.0,372.0,372.0,417.0,462.0,507.0,507.0,552.0,582.0,732.0
30215-S3,37215-S3,543.0,583.0,613.0,613.0,643.0,693.0,743.0,793.0,1392.565,1542.565,,,943.0,943.0,983.0,1033.0,1033.0,1078.0,1123.0,1168.0,1168.0,1213.0,1263.0,1753.0
30216-01,37216-01,445.0,485.0,515.0,515.0,545.0,595.0,645.0,695.0,1295.3125,1445.3125,,,845.0,845.0,885.0,935.0,935.0,980.0,1025.0,1070.0,1070.0,1115.0,1165.0,1655.0
30216-02,37216-02,252.0,272.0,287.0,287.0,307.0,327.0,347.0,367.0,676.55,751.55,,,427.0,427.0,467.0,517.0,517.0,562.0,607.0,652.0,652.0,697.0,747.0,1102.0
30216-03,37216-03,385.0,425.0,455.0,455.0,485.0,535.0,585.0,635.0,1234.5575,1384.5575,,,785.0,785.0,825.0,875.0,875.0,920.0,965.0,1010.0,1010.0,1055.0,1105.0,1460.0
30216-04,37216-04,142.0,162.0,177.0,177.0,197.0,217.0,237.0,257.0,481.915,541.915,,,217.0,217.0,237.0,252.0,252.0,267.0,277.0,287.0,287.0,297.0,307.0,437.0
30216-24,37216-24,232.0,252.0,267.0,267.0,287.0,307.0,327.0,347.0,571.9225,631.9225,,,282.0,282.0,322.0,372.0,372.0,417.0,462.0,507.0,507.0,552.0,582.0,732.0
30216-S3,37216-S3,543.0,583.0,613.0,613.0,643.0,693.0,743.0,793.0,1392.565,1542.565,,,943.0,943.0,983.0,1033.0,1033.0,1078.0,1123.0,1168.0,1168.0,1213.0,1263.0,1753.0
30026-04,37026-04,185.0,205.0,220.0,220.0,240.0,260.0,280.0,300.0,524.6305,584.6305,239.6305,259.6305,295.0,295.0,315.0,330.0,330.0,345.0,355.0,365.0,365.0,375.0,385.0,515.0
30026-09,37026-09,304.0,324.0,339.0,339.0,374.0,409.0,444.0,479.0,898.7895,1003.7895,,,469.0,469.0,509.0,559.0,559.0,604.0,649.0,694.0,694.0,739.0,769.0,919.0
30026-10,37026-10,192.0,212.0,227.0,227.0,247.0,267.0,287.0,307.0,532.34375,592.34375,,,332.0,332.0,372.0,422.0,422.0,467.0,512.0,557.0,557.0,602.0,632.0,782.0
30026-11,37026-11,320.0,340.0,355.0,355.0,390.0,425.0,460.0,495.0,915.23525,1020.23525,,,480.0,480.0,520.0,570.0,570.0,615.0,660.0,705.0,705.0,750.0,780.0,930.0
30026-12,37026-12,320.0,340.0,355.0,355.0,390.0,425.0,460.0,495.0,915.23525,1020.23525,,,480.0,480.0,520.0,570.0,570.0,615.0,660.0,705.0,705.0,750.0,780.0,930.0
30026-15,37026-15,350.0,390.0,420.0,420.0,450.0,500.0,550.0,600.0,1200.435,1350.435,,,570.0,570.0,610.0,660.0,660.0,705.0,750.0,795.0,795.0,840.0,890.0,1245.0
30026-16,37026-16,350.0,390.0,420.0,420.0,450.0,500.0,550.0,600.0,1200.435,1350.435,,,570.0,570.0,610.0,660.0,660.0,705.0,750.0,795.0,795.0,840.0,890.0,1245.0
30151-01,37151-01,1132.0,1172.0,1202.0,1202.0,1232.0,1282.0,1332.0,1382.0,1981.75,2131.75,,,1682.0,1682.0,1722.0,1772.0,1772.0,1817.0,1862.0,1907.0,1907.0,1952.0,2002.0,2492.0
30151-03,37151-03,1044.0,1084.0,1114.0,1114.0,1144.0,1194.0,1244.0,1294.0,1894.49,2044.49,,,1594.0,1594.0,1634.0,1684.0,1684.0,1729.0,1774.0,1819.0,1819.0,1864.0,1914.0,2269.0
30151-07,37151-07,975.0,1015.0,1045.0,1045.0,1075.0,1125.0,1175.0,1225.0,1824.74,1974.74,,,1500.0,1500.0,1540.0,1590.0,1590.0,1635.0,1680.0,1725.0,1725.0,1770.0,1820.0,2175.0
30151-08,37151-08,975.0,1015.0,1045.0,1045.0,1075.0,1125.0,1175.0,1225.0,1824.74,1974.74,,,1500.0,1500.0,1540.0,1590.0,1590.0,1635.0,1680.0,1725.0,1725.0,1770.0,1820.0,2175.0
30151-09,37151-09,471.0,491.0,506.0,506.0,541.0,576.0,611.0,646.0,1065.74,1170.74,,,671.0,671.0,711.0,761.0,761.0,806.0,851.0,896.0,896.0,941.0,971.0,1121.0
30151-10,37151-10,426.0,446.0,461.0,461.0,481.0,501.0,521.0,541.0,766.375,826.375,,,576.0,576.0,616.0,666.0,666.0,711.0,756.0,801.0,801.0,846.0,876.0,1026.0
30151-14,37151-14,855.0,875.0,890.0,890.0,905.0,925.0,945.0,965.0,1534.6225,1654.6225,,,1155.0,1155.0,1195.0,1245.0,1245.0,1290.0,1335.0,1380.0,1380.0,1425.0,1475.0,1830.0
30151-15,37151-15,804.0,844.0,874.0,874.0,904.0,954.0,1004.0,1054.0,1654.2025,1804.2025,,,1104.0,1104.0,1144.0,1194.0,1194.0,1239.0,1284.0,1329.0,1329.0,1374.0,1424.0,1779.0
30151-16,37151-16,804.0,844.0,874.0,874.0,904.0,954.0,1004.0,1054.0,1654.2025,1804.2025,,,1104.0,1104.0,1144.0,1194.0,1194.0,1239.0,1284.0,1329.0,1329.0,1374.0,1424.0,1779.0
30151-35,37151-35,755.0,795.0,825.0,825.0,855.0,905.0,955.0,1005.0,1434.6225,1554.6225,,,1055.0,1055.0,1095.0,1145.0,1145.0,1190.0,1235.0,1280.0,1280.0,1325.0,1375.0,1730.0
30151-36,37151-36,755.0,795.0,825.0,825.0,855.0,905.0,955.0,1005.0,1434.6225,1554.6225,,,1055.0,1055.0,1095.0,1145.0,1145.0,1190.0,1235.0,1280.0,1280.0,1325.0,1375.0,1730.0
30151-37,37151-37,1050.0,1090.0,1120.0,1120.0,1150.0,1200.0,1250.0,1300.0,1899.74,2049.74,,,1600.0,1600.0,1640.0,1690.0,1690.0,1735.0,1780.0,1825.0,1825.0,1870.0,1920.0,2275.0
30151-38,37151-38,1050.0,1090.0,1120.0,1120.0,1150.0,1200.0,1250.0,1300.0,1899.74,2049.74,,,1600.0,1600.0,1640.0,1690.0,1690.0,1735.0,1780.0,1825.0,1825.0,1870.0,1920.0,2275.0
30151-39,37151-39,1223.0,1263.0,1293.0,1293.0,1323.0,1373.0,1423.0,1473.0,2072.7375,2222.7375,,,1773.0,1773.0,1813.0,1863.0,1863.0,1908.0,1953.0,1998.0,1998.0,2043.0,2093.0,2583.0
30151-40,37151-40,1223.0,1263.0,1293.0,1293.0,1323.0,1373.0,1423.0,1473.0,2072.7375,2222.7375,,,1773.0,1773.0,1813.0,1863.0,1863.0,1908.0,1953.0,1998.0,1998.0,2043.0,2093.0,2583.0
30151-64,37151-64,252.0,272.0,287.0,287.0,307.0,327.0,347.0,367.0,526.6725,586.6725,,,327.0,327.0,347.0,362.0,362.0,377.0,387.0,397.0,397.0,407.0,417.0,547.0
30151-74,37151-74,272.0,292.0,307.0,307.0,327.0,347.0,367.0,387.0,546.86,606.86,,,347.0,347.0,367.0,382.0,382.0,397.0,407.0,417.0,417.0,427.0,437.0,567.0
30151-86,37151-86,1178.0,1218.0,1248.0,1248.0,1278.0,1328.0,1378.0,1428.0,2027.9875,2177.9875,,,1728.0,1728.0,1768.0,1818.0,1818.0,1863.0,1908.0,1953.0,1953.0,1998.0,2048.0,2403.0
30151-87,37151-87,1178.0,1218.0,1248.0,1248.0,1278.0,1328.0,1378.0,1428.0,2027.9875,2177.9875,,,1728.0,1728.0,1768.0,1818.0,1818.0,1863.0,1908.0,1953.0,1953.0,1998.0,2048.0,2403.0
30151-S3,37151-S3,1223.0,1263.0,1293.0,1293.0,1323.0,1373.0,1423.0,1473.0,2072.7375,2222.7375,,,1773.0,1773.0,1813.0,1863.0,1863.0,1908.0,1953.0,1998.0,1998.0,2043.0,2093.0,2583.0
31116-01,37116-01,780.0,820.0,850.0,850.0,880.0,930.0,980.0,1030.0,1630.0,1780.0,,,1280.0,1280.0,1320.0,1370.0,1370.0,1415.0,1460.0,1505.0,1505.0,1550.0,1600.0,2090.0
31116-02,37116-02,376.0,396.0,411.0,411.0,431.0,451.0,471.0,491.0,801.0,876.0,,,571.0,571.0,611.0,661.0,661.0,706.0,751.0,796.0,796.0,841.0,891.0,1246.0
31116-03,37116-03,696.0,736.0,766.0,766.0,796.0,846.0,896.0,946.0,1546.0,1696.0,,,1096.0,1096.0,1136.0,1186.0,1186.0,1231.0,1276.0,1321.0,1321.0,1366.0,1416.0,1771.0
31116-04,37116-04,169.0,189.0,204.0,204.0,224.0,244.0,264.0,284.0,509.0,569.0,224.0,244.0,289.0,289.0,309.0,324.0,324.0,339.0,349.0,359.0,359.0,369.0,379.0,509.0
31116-07,37116-07,650.0,690.0,720.0,720.0,750.0,800.0,850.0,900.0,1500.0,1650.0,,,1000.0,1000.0,1040.0,1090.0,1090.0,1135.0,1180.0,1225.0,1225.0,1270.0,1320.0,1675.0
31116-08,37116-08,650.0,690.0,720.0,720.0,750.0,800.0,850.0,900.0,1500.0,1650.0,,,1000.0,1000.0,1040.0,1090.0,1090.0,1135.0,1180.0,1225.0,1225.0,1270.0,1320.0,1675.0
31116-09,37116-09,375.0,395.0,410.0,410.0,445.0,480.0,515.0,550.0,970.0,1075.0,,,645.0,645.0,685.0,735.0,735.0,780.0,825.0,870.0,870.0,915.0,945.0,1095.0
31116-10,37116-10,291.0,311.0,326.0,326.0,346.0,366.0,386.0,406.0,631.0,691.0,,,561.0,561.0,601.0,651.0,651.0,696.0,741.0,786.0,786.0,831.0,861.0,1011.0
31116-14,37116-14,504.0,524.0,539.0,539.0,554.0,574.0,594.0,614.0,1184.0,1304.0,,,904.0,904.0,944.0,994.0,994.0,1039.0,1084.0,1129.0,1129.0,1174.0,1224.0,1579.0
31116-15,37116-15,654.0,694.0,724.0,724.0,754.0,804.0,854.0,904.0,1504.0,1654.0,,,1039.0,1039.0,1079.0,1129.0,1129.0,1174.0,1219.0,1264.0,1264.0,1309.0,1359.0,1714.0
31116-16,37116-16,654.0,694.0,724.0,724.0,754.0,804.0,854.0,904.0,1504.0,1654.0,,,1039.0,1039.0,1079.0,1129.0,1129.0,1174.0,1219.0,1264.0,1264.0,1309.0,1359.0,1714.0
31116-35,37116-35,654.0,694.0,724.0,724.0,754.0,804.0,854.0,904.0,1334.0,1454.0,,,1039.0,1039.0,1079.0,1129.0,1129.0,1174.0,1219.0,1264.0,1264.0,1309.0,1359.0,1714.0
31116-36,37116-36,654.0,694.0,724.0,724.0,754.0,804.0,854.0,904.0,1334.0,1454.0,,,1039.0,1039.0,1079.0,1129.0,1129.0,1174.0,1219.0,1264.0,1264.0,1309.0,1359.0,1714.0
31116-39,37116-39,847.0,887.0,917.0,917.0,947.0,997.0,1047.0,1097.0,1697.0,1847.0,,,1372.0,1372.0,1412.0,1462.0,1462.0,1507.0,1552.0,1597.0,1597.0,1642.0,1692.0,2182.0
31116-40,37116-40,847.0,887.0,917.0,917.0,947.0,997.0,1047.0,1097.0,1697.0,1847.0,,,1372.0,1372.0,1412.0,1462.0,1462.0,1507.0,1552.0,1597.0,1597.0,1642.0,1692.0,2182.0
31116-64,37116-64,209.6525,229.6525,244.6525,244.6525,264.65250000000003,284.65250000000003,305.0,325.0,485.0,545.0,265.0,285.0,310.0,310.0,330.0,345.0,345.0,360.0,370.0,380.0,380.0,390.0,400.0,530.0
31116-74,37116-74,205.32999999999998,225.32999999999998,240.32999999999998,240.32999999999998,260.33,280.33,300.0,320.0,480.0,540.0,260.0,280.0,305.0,305.0,325.0,340.0,340.0,355.0,365.0,375.0,375.0,385.0,395.0,525.0
31116-82,37116-82,776.0,816.0,846.0,846.0,876.0,926.0,976.0,1026.0,1626.0,1776.0,,,1326.0,1326.0,1366.0,1416.0,1416.0,1461.0,1506.0,1551.0,1551.0,1596.0,1646.0,2001.0
31116-83,37116-83,776.0,816.0,846.0,846.0,876.0,926.0,976.0,1026.0,1626.0,1776.0,,,1326.0,1326.0,1366.0,1416.0,1416.0,1461.0,1506.0,1551.0,1551.0,1596.0,1646.0,2001.0
31116-84,37116-84,782.0,822.0,852.0,852.0,882.0,932.0,982.0,1032.0,1632.0,1782.0,,,1332.0,1332.0,1372.0,1422.0,1422.0,1467.0,1512.0,1557.0,1557.0,1602.0,1652.0,2007.0
31116-85,37116-85,782.0,822.0,852.0,852.0,882.0,932.0,982.0,1032.0,1632.0,1782.0,,,1332.0,1332.0,1372.0,1422.0,1422.0,1467.0,1512.0,1557.0,1557.0,1602.0,1652.0,2007.0
31116-86,37116-86,828.0,868.0,898.0,898.0,928.0,978.0,1028.0,1078.0,1678.0,1828.0,,,1328.0,1328.0,1368.0,1418.0,1418.0,1463.0,1508.0,1553.0,1553.0,1598.0,1648.0,2003.0
31116-87,37116-87,828.0,868.0,898.0,898.0,928.0,978.0,1028.0,1078.0,1678.0,1828.0,,,1328.0,1328.0,1368.0,1418.0,1418.0,1463.0,1508.0,1553.0,1553.0,1598.0,1648.0,2003.0
31116-91,37116-91,678.0,718.0,748.0,748.0,778.0,828.0,878.0,928.0,1528.0,1678.0,,,1163.0,1163.0,1203.0,1253.0,1253.0,1298.0,1343.0,1388.0,1388.0,1433.0,1483.0,1838.0
31116-93,37116-93,215.0,235.0,250.0,250.0,270.0,290.0,310.0,330.0,490.0,550.0,270.0,290.0,305.0,305.0,325.0,340.0,340.0,355.0,365.0,375.0,375.0,385.0,395.0,525.0
31116-94,37116-94,220.0,240.0,255.0,255.0,275.0,295.0,315.0,335.0,495.0,555.0,275.0,295.0,310.0,310.0,330.0,345.0,345.0,360.0,370.0,380.0,380.0,390.0,400.0,530.0
31116-S3,37116-S3,874.0,914.0,944.0,944.0,974.0,1024.0,1074.0,1124.0,1724.0,1874.0,,,1374.0,1374.0,1414.0,1464.0,1464.0,1509.0,1554.0,1599.0,1599.0,1644.0,1694.0,2184.0
31116-H2,37116-H2,103.9275,108.9275,113.9275,113.9275,118.9275,123.9275,128.9275,134.0,239.0,264.0,,,119.0,119.0,124.0,129.0,129.0,134.0,139.0,144.0,144.0,149.0,154.0,194.0
31116-H3,37116-H3,117.4225,122.4225,127.4225,127.4225,132.4225,137.4225,142.4225,147.0,252.0,277.0,,,132.0,132.0,137.0,142.0,142.0,147.0,152.0,157.0,157.0,162.0,167.0,207.0
31116-H4,37116-H4,133.0,138.0,143.0,143.0,148.0,153.0,158.0,163.0,268.0,293.0,,,148.0,148.0,153.0,158.0,158.0,163.0,168.0,173.0,173.0,178.0,183.0,223.0
31232-01,37232-01,930.0,970.0,1000.0,1000.0,1030.0,1080.0,1130.0,1180.0,1780.315,1930.315,,,1430.0,1430.0,1470.0,1520.0,1520.0,1565.0,1610.0,1655.0,1655.0,1700.0,1750.0,2240.0
31232-02,37232-02,476.0,496.0,511.0,511.0,531.0,551.0,571.0,591.0,901.405,976.405,,,671.0,671.0,711.0,761.0,761.0,806.0,851.0,896.0,896.0,941.0,991.0,1346.0
31232-03,37232-03,846.0,886.0,916.0,916.0,946.0,996.0,1046.0,1096.0,1696.45,1846.45,,,1246.0,1246.0,1286.0,1336.0,1336.0,1381.0,1426.0,1471.0,1471.0,1516.0,1566.0,1921.0
31232-04,37232-04,219.0,239.0,254.0,254.0,274.0,294.0,314.0,334.0,559.22,619.22,274.0,294.0,339.0,339.0,359.0,374.0,374.0,389.0,399.0,409.0,409.0,419.0,429.0,559.0
31232-07,37232-07,800.0,840.0,870.0,870.0,900.0,950.0,1000.0,1050.0,1650.4575,1800.4575,,,1150.0,1150.0,1190.0,1240.0,1240.0,1285.0,1330.0,1375.0,1375.0,1420.0,1470.0,1825.0
31232-08,37232-08,800.0,840.0,870.0,870.0,900.0,950.0,1000.0,1050.0,1650.4575,1800.4575,,,1150.0,1150.0,1190.0,1240.0,1240.0,1285.0,1330.0,1375.0,1375.0,1420.0,1470.0,1825.0
31232-09,37232-09,475.0,495.0,510.0,510.0,545.0,580.0,615.0,650.0,1069.795,1174.795,,,745.0,745.0,785.0,835.0,835.0,880.0,925.0,970.0,970.0,1015.0,1045.0,1195.0
31232-10,37232-10,391.0,411.0,426.0,426.0,446.0,466.0,486.0,506.0,731.235,791.235,,,661.0,661.0,701.0,751.0,751.0,796.0,841.0,886.0,886.0,931.0,961.0,1111.0
31232-14,37232-14,654.0,674.0,689.0,689.0,704.0,724.0,744.0,764.0,1333.6775,1453.6775,,,1054.0,1054.0,1094.0,1144.0,1144.0,1189.0,1234.0,1279.0,1279.0,1324.0,1374.0,1729.0
31232-15,37232-15,804.0,844.0,874.0,874.0,904.0,954.0,1004.0,1054.0,1653.765,1803.765,,,1189.0,1189.0,1229.0,1279.0,1279.0,1324.0,1369.0,1414.0,1414.0,1459.0,1509.0,1864.0
31232-16,37232-16,804.0,844.0,874.0,874.0,904.0,954.0,1004.0,1054.0,1653.765,1803.765,,,1189.0,1189.0,1229.0,1279.0,1279.0,1324.0,1369.0,1414.0,1414.0,1459.0,1509.0,1864.0
31232-35,37232-35,804.0,844.0,874.0,874.0,904.0,954.0,1004.0,1054.0,1484.4825,1604.4825,,,1189.0,1189.0,1229.0,1279.0,1279.0,1324.0,1369.0,1414.0,1414.0,1459.0,1509.0,1864.0
31232-36,37232-36,804.0,844.0,874.0,874.0,904.0,954.0,1004.0,1054.0,1484.4825,1604.4825,,,1189.0,1189.0,1229.0,1279.0,1279.0,1324.0,1369.0,1414.0,1414.0,1459.0,1509.0,1864.0
31232-39,37232-39,997.0,1037.0,1067.0,1067.0,1097.0,1147.0,1197.0,1247.0,1847.265,1997.265,,,1522.0,1522.0,1562.0,1612.0,1612.0,1657.0,1702.0,1747.0,1747.0,1792.0,1842.0,2332.0
31232-40,37232-40,997.0,1037.0,1067.0,1067.0,1097.0,1147.0,1197.0,1247.0,1847.265,1997.265,,,1522.0,1522.0,1562.0,1612.0,1612.0,1657.0,1702.0,1747.0,1747.0,1792.0,1842.0,2332.0
31232-64,37232-64,260.0,280.0,295.0,295.0,315.0,335.0,355.0,375.0,534.6525,594.6525,315.0,335.0,360.0,360.0,380.0,395.0,395.0,410.0,420.0,430.0,430.0,440.0,450.0,580.0
31232-74,37232-74,255.0,275.0,290.0,290.0,310.0,330.0,350.0,370.0,530.33,590.33,310.0,330.0,355.0,355.0,375.0,390.0,390.0,405.0,415.0,425.0,425.0,435.0,445.0,575.0
31232-82,37232-82,926.0,966.0,996.0,996.0,1026.0,1076.0,1126.0,1176.0,1776.29,1926.29,,,1476.0,1476.0,1516.0,1566.0,1566.0,1611.0,1656.0,1701.0,1701.0,1746.0,1796.0,2151.0
31232-83,37232-83,926.0,966.0,996.0,996.0,1026.0,1076.0,1126.0,1176.0,1776.29,1926.29,,,1476.0,1476.0,1516.0,1566.0,1566.0,1611.0,1656.0,1701.0,1701.0,1746.0,1796.0,2151.0
31232-84,37232-84,932.0,972.0,1002.0,1002.0,1032.0,1082.0,1132.0,1182.0,1782.3275,1932.3275,,,1482.0,1482.0,1522.0,1572.0,1572.0,1617.0,1662.0,1707.0,1707.0,1752.0,1802.0,2157.0
31232-85,37232-85,932.0,972.0,1002.0,1002.0,1032.0,1082.0,1132.0,1182.0,1782.3275,1932.3275,,,1482.0,1482.0,1522.0,1572.0,1572.0,1617.0,1662.0,1707.0,1707.0,1752.0,1802.0,2157.0
31232-86,37232-86,978.0,1018.0,1048.0,1048.0,1078.0,1128.0,1178.0,1228.0,1827.9,1977.9,,,1478.0,1478.0,1518.0,1568.0,1568.0,1613.0,1658.0,1703.0,1703.0,1748.0,1798.0,2153.0
31232-87,37232-87,978.0,1018.0,1048.0,1048.0,1078.0,1128.0,1178.0,1228.0,1827.9,1977.9,,,1478.0,1478.0,1518.0,1568.0,1568.0,1613.0,1658.0,1703.0,1703.0,1748.0,1798.0,2153.0
31232-91,37232-91,828.0,868.0,898.0,898.0,928.0,978.0,1028.0,1078.0,1678.365,1828.365,,,1313.0,1313.0,1353.0,1403.0,1403.0,1448.0,1493.0,1538.0,1538.0,1583.0,1633.0,1988.0
31232-93,37232-93,265.0,285.0,300.0,300.0,320.0,340.0,360.0,380.0,540.33,600.33,320.0,340.0,355.0,355.0,375.0,390.0,390.0,405.0,415.0,425.0,425.0,435.0,445.0,575.0
31232-94,37232-94,270.0,290.0,305.0,305.0,325.0,345.0,365.0,385.0,544.6525,604.6525,325.0,345.0,360.0,360.0,380.0,395.0,395.0,410.0,420.0,430.0,430.0,440.0,450.0,580.0
31232-S3,37232-S3,1024.0,1064.0,1094.0,1094.0,1124.0,1174.0,1224.0,1274.0,1873.875,2023.875,,,1524.0,1524.0,1564.0,1614.0,1614.0,1659.0,1704.0,1749.0,1749.0,1794.0,1844.0,2334.0
31232-H2,37232-H2,119.0,124.0,129.0,129.0,134.0,139.0,144.0,149.0,253.9275,278.9275,,,144.0,144.0,149.0,154.0,154.0,159.0,164.0,169.0,169.0,174.0,179.0,219.0
31232-H3,37232-H3,132.0,137.0,142.0,142.0,147.0,152.0,157.0,162.0,267.4225,292.4225,,,157.0,157.0,162.0,167.0,167.0,172.0,177.0,182.0,182.0,187.0,192.0,232.0
31232-H4,37232-H4,148.0,153.0,158.0,158.0,163.0,168.0,173.0,178.0,283.42,308.42,,,173.0,173.0,178.0,183.0,183.0,188.0,193.0,198.0,198.0,203.0,208.0,248.0
30154-01,37154-01,853.0,893.0,923.0,923.0,953.0,1003.0,1053.0,1103.0,1702.9175,1852.9175,,,1253.0,1253.0,1293.0,1343.0,1343.0,1388.0,1433.0,1478.0,1478.0,1523.0,1573.0,2063.0
30154-02,37154-02,464.0,484.0,499.0,499.0,519.0,539.0,559.0,579.0,889.23,964.23,,,664.0,664.0,704.0,754.0,754.0,799.0,844.0,889.0,889.0,934.0,984.0,1339.0
30154-03,37154-03,742.0,782.0,812.0,812.0,842.0,892.0,942.0,992.0,1592.1275,1742.1275,,,1092.0,1092.0,1132.0,1182.0,1182.0,1227.0,1272.0,1317.0,1317.0,1362.0,1412.0,1767.0
30154-04,37154-04,179.0,199.0,214.0,214.0,234.0,254.0,274.0,294.0,518.625,578.625,,,319.0,319.0,339.0,354.0,354.0,369.0,379.0,389.0,389.0,399.0,409.0,539.0
30154-95,37154-95,415.0,435.0,450.0,450.0,470.0,490.0,510.0,530.0,754.6075,814.6075,,,605.0,605.0,645.0,695.0,695.0,740.0,785.0,830.0,830.0,875.0,925.0,1280.0
30154-S3,37154-S3,945.0,985.0,1015.0,1015.0,1045.0,1095.0,1145.0,1195.0,1795.025,1945.025,,,1345.0,1345.0,1385.0,1435.0,1435.0,1480.0,1525.0,1570.0,1570.0,1615.0,1665.0,2155.0
30155-01,37155-01,753.0,793.0,823.0,823.0,853.0,903.0,953.0,1003.0,1602.9175,1752.9175,,,1153.0,1153.0,1193.0,1243.0,1243.0,1288.0,1333.0,1378.0,1378.0,1423.0,1473.0,1963.0
30155-02,37155-02,414.0,434.0,449.0,449.0,469.0,489.0,509.0,529.0,839.23,914.23,,,614.0,614.0,654.0,704.0,704.0,749.0,794.0,839.0,839.0,884.0,934.0,1289.0
30155-03,37155-03,642.0,682.0,712.0,712.0,742.0,792.0,842.0,892.0,1492.1275,1642.1275,,,992.0,992.0,1032.0,1082.0,1082.0,1127.0,1172.0,1217.0,1217.0,1262.0,1312.0,1667.0
30155-04,37155-04,179.0,199.0,214.0,214.0,234.0,254.0,274.0,294.0,518.625,578.625,,,319.0,319.0,339.0,354.0,354.0,369.0,379.0,389.0,389.0,399.0,409.0,539.0
30155-95,37155-95,335.0,355.0,370.0,370.0,390.0,410.0,430.0,450.0,674.6075,734.6075,,,525.0,525.0,565.0,615.0,615.0,660.0,705.0,750.0,750.0,795.0,845.0,1200.0
30155-S3,37155-S3,845.0,885.0,915.0,915.0,945.0,995.0,1045.0,1095.0,1695.025,1845.025,,,1245.0,1245.0,1285.0,1335.0,1335.0,1380.0,1425.0,1470.0,1470.0,1515.0,1565.0,2055.0
30132-01,37132-01,622.0,662.0,692.0,692.0,722.0,772.0,822.0,872.0,1472.0,1622.0,,,1147.0,1147.0,1187.0,1237.0,1237.0,1282.0,1327.0,1372.0,1372.0,1417.0,1467.0,1957.0
30132-02,37132-02,359.0,379.0,394.0,394.0,414.0,434.0,454.0,474.0,784.0,859.0,414.0,434.0,534.0,534.0,574.0,624.0,624.0,669.0,714.0,759.0,759.0,804.0,854.0,1209.0
30132-03,37132-03,536.0,576.0,606.0,606.0,636.0,686.0,736.0,786.0,1386.0,1536.0,,,1036.0,1036.0,1076.0,1126.0,1126.0,1171.0,1216.0,1261.0,1261.0,1306.0,1356.0,1711.0
30132-04,37132-04,184.0,204.0,219.0,219.0,239.0,259.0,279.0,299.0,524.0,584.0,239.0,259.0,259.0,259.0,279.0,294.0,294.0,309.0,319.0,329.0,329.0,339.0,349.0,479.0
30132-07,37132-07,517.0,557.0,587.0,587.0,617.0,667.0,717.0,767.0,1367.0,1517.0,,,992.0,992.0,1032.0,1082.0,1082.0,1127.0,1172.0,1217.0,1217.0,1262.0,1312.0,1667.0
30132-08,37132-08,517.0,557.0,587.0,587.0,617.0,667.0,717.0,767.0,1367.0,1517.0,,,992.0,992.0,1032.0,1082.0,1082.0,1127.0,1172.0,1217.0,1217.0,1262.0,1312.0,1667.0
30132-15,37132-15,523.0,563.0,593.0,593.0,623.0,673.0,723.0,773.0,1373.0,1523.0,,,998.0,998.0,1038.0,1088.0,1088.0,1133.0,1178.0,1223.0,1223.0,1268.0,1318.0,1673.0
30132-16,37132-16,523.0,563.0,593.0,593.0,623.0,673.0,723.0,773.0,1373.0,1523.0,,,998.0,998.0,1038.0,1088.0,1088.0,1133.0,1178.0,1223.0,1223.0,1268.0,1318.0,1673.0
30132-S3,37132-s3,711.0,751.0,781.0,781.0,811.0,861.0,911.0,961.0,1561.0,1711.0,,,1236.0,1236.0,1276.0,1326.0,1326.0,1371.0,1416.0,1461.0,1461.0,1506.0,1556.0,2046.0
30133-01,37133-01,597.0,637.0,667.0,667.0,697.0,747.0,797.0,872.0,1447.0,1622.3525,,,1147.0,1147.0,1187.0,1237.0,1237.0,1282.0,1327.0,1372.0,1372.0,1417.0,1467.0,1957.0
30133-02,37133-02,359.0,379.0,394.0,394.0,414.0,434.0,454.0,474.0,784.0,858.77,414.0,434.0,534.0,534.0,574.0,624.0,624.0,669.0,714.0,759.0,759.0,804.0,854.0,1209.0
30133-03,37133-03,511.0,551.0,581.0,581.0,611.0,661.0,711.0,786.0,1361.0,1535.5125,,,1036.0,1036.0,1076.0,1126.0,1126.0,1171.0,1216.0,1261.0,1261.0,1306.0,1356.0,1711.0
30133-04,37133-04,159.0,179.0,194.0,194.0,214.0,234.0,254.0,299.0,499.0,584.11,214.0,234.0,259.0,259.0,279.0,294.0,294.0,309.0,319.0,329.0,329.0,339.0,349.0,479.0
30133-07,37133-07,492.0,532.0,562.0,562.0,592.0,642.0,692.0,767.0,1342.0,1517.0925,,,992.0,992.0,1032.0,1082.0,1082.0,1127.0,1172.0,1217.0,1217.0,1262.0,1312.0,1667.0
30133-08,37133-08,492.0,532.0,562.0,562.0,592.0,642.0,692.0,767.0,1342.0,1517.0925,,,992.0,992.0,1032.0,1082.0,1082.0,1127.0,1172.0,1217.0,1217.0,1262.0,1312.0,1667.0
30133-15,37133-15,498.0,538.0,568.0,568.0,598.0,648.0,698.0,773.0,1348.0,1522.8675,,,998.0,998.0,1038.0,1088.0,1088.0,1133.0,1178.0,1223.0,1223.0,1268.0,1318.0,1673.0
30133-16,37133-16,498.0,538.0,568.0,568.0,598.0,648.0,698.0,773.0,1348.0,1522.8675,,,998.0,998.0,1038.0,1088.0,1088.0,1133.0,1178.0,1223.0,1223.0,1268.0,1318.0,1673.0
30133-S3,37133-S3,686.0,726.0,756.0,756.0,786.0,836.0,886.0,961.0,1536.0,1710.5225,,,1236.0,1236.0,1276.0,1326.0,1326.0,1371.0,1416.0,1461.0,1461.0,1506.0,1556.0,2046.0
30147-01,37147-01,751.0,791.0,821.0,821.0,851.0,901.0,951.0,1001.0,1600.6325,1750.6325,,,1251.0,1251.0,1291.0,1341.0,1341.0,1386.0,1431.0,1476.0,1476.0,1521.0,1571.0,2061.0
30147-02,37147-02,479.0,499.0,514.0,514.0,534.0,554.0,574.0,594.0,903.6325,978.6325,,,629.0,629.0,669.0,719.0,719.0,764.0,809.0,854.0,854.0,899.0,949.0,1304.0
30147-03,37147-03,688.0,728.0,758.0,758.0,788.0,838.0,888.0,938.0,1538.1575,1688.1575,,,1108.0,1108.0,1148.0,1198.0,1198.0,1243.0,1288.0,1333.0,1333.0,1378.0,1428.0,1783.0
30148-01,37148-01,1026.0,1066.0,1096.0,1096.0,1126.0,1176.0,1226.0,1276.0,1876.01,2026.01,,,1476.0,1476.0,1516.0,1566.0,1566.0,1611.0,1656.0,1701.0,1701.0,1746.0,1796.0,2286.0
30148-03,37148-03,968.0,1008.0,1038.0,1038.0,1068.0,1118.0,1168.0,1218.0,1818.4575,1968.4575,,,1393.0,1393.0,1433.0,1483.0,1483.0,1528.0,1573.0,1618.0,1618.0,1663.0,1713.0,2068.0
30148-07,37148-07,797.0,837.0,867.0,867.0,897.0,947.0,997.0,1047.0,1646.66,1796.66,,,1147.0,1147.0,1187.0,1237.0,1237.0,1282.0,1327.0,1372.0,1372.0,1417.0,1467.0,1822.0
30148-08,37148-08,797.0,837.0,867.0,867.0,897.0,947.0,997.0,1047.0,1646.66,1796.66,,,1147.0,1147.0,1187.0,1237.0,1237.0,1282.0,1327.0,1372.0,1372.0,1417.0,1467.0,1822.0
30148-09,37148-09,421.0,441.0,456.0,456.0,491.0,526.0,561.0,596.0,1015.7225,1120.7225,,,621.0,621.0,661.0,711.0,711.0,756.0,801.0,846.0,846.0,891.0,921.0,1071.0
30148-10,37148-10,399.0,419.0,434.0,434.0,454.0,474.0,494.0,514.0,739.3275,799.3275,,,499.0,499.0,539.0,589.0,589.0,634.0,679.0,724.0,724.0,769.0,799.0,949.0
30148-14,37148-14,800.0,820.0,835.0,835.0,850.0,870.0,890.0,910.0,1479.8625,1599.8625,,,975.0,975.0,1015.0,1065.0,1065.0,1110.0,1155.0,1200.0,1200.0,1245.0,1295.0,1650.0
30148-15,37148-15,725.0,765.0,795.0,795.0,825.0,875.0,925.0,975.0,1574.5825,1724.5825,,,925.0,925.0,965.0,1015.0,1015.0,1060.0,1105.0,1150.0,1150.0,1195.0,1245.0,1600.0
30148-16,37148-16,725.0,765.0,795.0,795.0,825.0,875.0,925.0,975.0,1574.5825,1724.5825,,,925.0,925.0,965.0,1015.0,1015.0,1060.0,1105.0,1150.0,1150.0,1195.0,1245.0,1600.0
30148-35,37148-35,724.0,764.0,794.0,794.0,824.0,874.0,924.0,974.0,1404.46,1524.46,,,874.0,874.0,914.0,964.0,964.0,1009.0,1054.0,1099.0,1099.0,1144.0,1194.0,1549.0
30148-36,37148-36,724.0,764.0,794.0,794.0,824.0,874.0,924.0,974.0,1404.46,1524.46,,,874.0,874.0,914.0,964.0,964.0,1009.0,1054.0,1099.0,1099.0,1144.0,1194.0,1549.0
30148-54,37148-54,549.0,589.0,619.0,619.0,649.0,699.0,749.0,799.0,973.8125,1048.8125,,,749.0,749.0,789.0,839.0,839.0,884.0,929.0,974.0,974.0,1019.0,1069.0,1424.0
30148-64,37148-64,219.0,239.0,254.0,254.0,274.0,294.0,314.0,334.0,493.975,553.975,,,289.0,289.0,309.0,324.0,324.0,339.0,349.0,359.0,359.0,369.0,379.0,509.0
30148-65,37148-65,34.0,39.0,44.0,44.0,49.0,59.0,69.0,74.0,203.6,233.6,,,54.0,54.0,59.0,64.0,64.0,69.0,79.0,89.0,89.0,99.0,104.0,129.0
30148-66,37148-66,38.0,43.0,48.0,48.0,53.0,63.0,73.0,78.0,208.0575,238.0575,,,58.0,58.0,63.0,68.0,68.0,73.0,83.0,93.0,93.0,103.0,108.0,133.0
30148-74,37148-74,235.0,255.0,270.0,270.0,290.0,310.0,330.0,350.0,510.37,570.37,,,315.0,315.0,335.0,350.0,350.0,365.0,375.0,385.0,385.0,395.0,405.0,535.0
30148-86,37148-86,1048.0,1088.0,1118.0,1118.0,1148.0,1198.0,1248.0,1298.0,1897.5975,2047.5975,,,1448.0,1448.0,1488.0,1538.0,1538.0,1583.0,1628.0,1673.0,1673.0,1718.0,1768.0,2123.0
30148-87,37148-87,1048.0,1088.0,1118.0,1118.0,1148.0,1198.0,1248.0,1298.0,1897.5975,2047.5975,,,1448.0,1448.0,1488.0,1538.0,1538.0,1583.0,1628.0,1673.0,1673.0,1718.0,1768.0,2123.0
30148-S3,37148-S3,1119.0,1159.0,1189.0,1189.0,1219.0,1269.0,1319.0,1369.0,1969.395,2119.395,,,1569.0,1569.0,1609.0,1659.0,1659.0,1704.0,1749.0,1794.0,1794.0,1839.0,1889.0,2379.0
30159-01,37159-01,835.0,875.0,905.0,905.0,935.0,985.0,1035.0,1085.0,1684.64,1834.64,,,1285.0,1285.0,1325.0,1375.0,1375.0,1420.0,1465.0,1510.0,1510.0,1555.0,1605.0,2095.0
30159-02,37159-02,461.0,481.0,496.0,496.0,516.0,536.0,556.0,576.0,885.915,960.915,,,736.0,736.0,776.0,826.0,826.0,871.0,916.0,961.0,961.0,1006.0,1056.0,1411.0
30159-03,37159-03,720.0,760.0,790.0,790.0,820.0,870.0,920.0,970.0,1569.895,1719.895,,,1170.0,1170.0,1210.0,1260.0,1260.0,1305.0,1350.0,1395.0,1395.0,1440.0,1490.0,1845.0
30159-07,37159-07,630.0,670.0,700.0,700.0,730.0,780.0,830.0,880.0,1479.8175,1629.8175,,,1080.0,1080.0,1120.0,1170.0,1170.0,1215.0,1260.0,1305.0,1305.0,1350.0,1400.0,1755.0
30159-08,37159-08,630.0,670.0,700.0,700.0,730.0,780.0,830.0,880.0,1479.8175,1629.8175,,,1080.0,1080.0,1120.0,1170.0,1170.0,1215.0,1260.0,1305.0,1305.0,1350.0,1400.0,1755.0
30159-09,37159-09,374.0,394.0,409.0,409.0,444.0,479.0,514.0,549.0,968.7075,1073.7075,,,649.0,649.0,689.0,739.0,739.0,784.0,829.0,874.0,874.0,919.0,949.0,1099.0
30159-10,37159-10,356.0,376.0,391.0,391.0,411.0,431.0,451.0,471.0,696.0925,756.0925,,,631.0,631.0,671.0,721.0,721.0,766.0,811.0,856.0,856.0,901.0,931.0,1081.0
30159-11,37159-11,396.0,416.0,431.0,431.0,466.0,501.0,536.0,571.0,990.8375,1095.8375,,,671.0,671.0,711.0,761.0,761.0,806.0,851.0,896.0,896.0,941.0,971.0,1121.0
30159-12,37159-12,396.0,416.0,431.0,431.0,466.0,501.0,536.0,571.0,990.8375,1095.8375,,,671.0,671.0,711.0,761.0,761.0,806.0,851.0,896.0,896.0,941.0,971.0,1121.0
30159-14,37159-14,565.0,585.0,600.0,600.0,615.0,635.0,655.0,675.0,1245.0725,1365.0725,,,1015.0,1015.0,1055.0,1105.0,1105.0,1150.0,1195.0,1240.0,1240.0,1285.0,1335.0,1690.0
30159-15,37159-15,556.0,596.0,626.0,626.0,656.0,706.0,756.0,806.0,1405.9725,1555.9725,,,806.0,806.0,846.0,896.0,896.0,941.0,986.0,1031.0,1031.0,1076.0,1126.0,1481.0
30159-16,37159-16,556.0,596.0,626.0,626.0,656.0,706.0,756.0,806.0,1405.9725,1555.9725,,,806.0,806.0,846.0,896.0,896.0,941.0,986.0,1031.0,1031.0,1076.0,1126.0,1481.0
30159-17,37159-17,644.0,684.0,714.0,714.0,744.0,794.0,844.0,894.0,1494.0025,1644.0025,,,844.0,844.0,884.0,934.0,934.0,979.0,1024.0,1069.0,1069.0,1114.0,1164.0,1519.0
30159-18,37159-18,644.0,684.0,714.0,714.0,744.0,794.0,844.0,894.0,1494.0025,1644.0025,,,844.0,844.0,884.0,934.0,934.0,979.0,1024.0,1069.0,1069.0,1114.0,1164.0,1519.0
30159-35,37159-35,564.0,604.0,634.0,634.0,664.0,714.0,764.0,814.0,1244.4425,1364.4425,,,814.0,814.0,854.0,904.0,904.0,949.0,994.0,1039.0,1039.0,1084.0,1134.0,1489.0
30159-36,37159-36,564.0,604.0,634.0,634.0,664.0,714.0,764.0,814.0,1244.4425,1364.4425,,,814.0,814.0,854.0,904.0,904.0,949.0,994.0,1039.0,1039.0,1084.0,1134.0,1489.0
30159-86,37159-86,745.0,785.0,815.0,815.0,845.0,895.0,945.0,995.0,1594.5625,1744.5625,,,1195.0,1195.0,1235.0,1285.0,1285.0,1330.0,1375.0,1420.0,1420.0,1465.0,1515.0,1870.0
30159-87,37159-87,745.0,785.0,815.0,815.0,845.0,895.0,945.0,995.0,1594.5625,1744.5625,,,1195.0,1195.0,1235.0,1285.0,1285.0,1330.0,1375.0,1420.0,1420.0,1465.0,1515.0,1870.0
30159-92,37159-92,655.0,695.0,725.0,725.0,755.0,805.0,855.0,905.0,1504.8175,1654.8175,,,1105.0,1105.0,1145.0,1195.0,1195.0,1240.0,1285.0,1330.0,1330.0,1375.0,1425.0,1780.0
30159-94,37159-94,271.0,291.0,306.0,306.0,326.0,346.0,366.0,386.0,546.2125,606.2125,,,421.0,421.0,441.0,456.0,456.0,471.0,481.0,491.0,491.0,501.0,511.0,641.0
30159-DC,37159-DC,539.0,579.0,609.0,609.0,639.0,689.0,739.0,789.0,964.11,1039.11,,,864.0,864.0,904.0,954.0,954.0,999.0,1044.0,1089.0,1089.0,1134.0,1184.0,1539.0
30159-DS,37159-DS,480.0,520.0,550.0,550.0,580.0,630.0,680.0,730.0,904.5,979.5,,,605.0,605.0,645.0,695.0,695.0,740.0,785.0,830.0,830.0,875.0,925.0,1280.0
30159-DA,37159-DA,430.0,470.0,500.0,500.0,530.0,580.0,630.0,680.0,854.5,929.5,,,555.0,555.0,595.0,645.0,645.0,690.0,735.0,780.0,780.0,825.0,875.0,1230.0
30159-DR,37159-DR,455.0,495.0,525.0,525.0,555.0,605.0,655.0,705.0,879.5,954.5,,,580.0,580.0,620.0,670.0,670.0,715.0,760.0,805.0,805.0,850.0,900.0,1255.0
30159-DL,37159-DL,455.0,495.0,525.0,525.0,555.0,605.0,655.0,705.0,879.5,954.5,,,580.0,580.0,620.0,670.0,670.0,715.0,760.0,805.0,805.0,850.0,900.0,1255.0
30159-QC,37159-QC,554.0,594.0,624.0,624.0,654.0,704.0,754.0,804.0,978.855,1053.855,,,954.0,954.0,994.0,1044.0,1044.0,1089.0,1134.0,1179.0,1179.0,1224.0,1274.0,1629.0
30159-QS,37159-QS,505.0,545.0,575.0,575.0,605.0,655.0,705.0,755.0,929.5,1004.5,,,630.0,630.0,670.0,720.0,720.0,765.0,810.0,855.0,855.0,900.0,950.0,1305.0
30159-QA,37159-QA,455.0,495.0,525.0,525.0,555.0,605.0,655.0,705.0,879.5,954.5,,,580.0,580.0,620.0,670.0,670.0,715.0,760.0,805.0,805.0,850.0,900.0,1255.0
30159-QR,37159-QR,480.0,520.0,550.0,550.0,580.0,630.0,680.0,730.0,904.5,979.5,,,605.0,605.0,645.0,695.0,695.0,740.0,785.0,830.0,830.0,875.0,925.0,1280.0
30159-QL,37159-QL,480.0,520.0,550.0,550.0,580.0,630.0,680.0,730.0,904.5,979.5,,,605.0,605.0,645.0,695.0,695.0,740.0,785.0,830.0,830.0,875.0,925.0,1280.0
30159-SC,37159-SC,519.0,559.0,589.0,589.0,619.0,669.0,719.0,769.0,943.5975,1018.5975,,,744.0,744.0,784.0,834.0,834.0,879.0,924.0,969.0,969.0,1014.0,1064.0,1419.0
30159-SS,37159-SS,397.0,437.0,467.0,467.0,497.0,547.0,597.0,647.0,821.6675,896.6675,,,522.0,522.0,562.0,612.0,612.0,657.0,702.0,747.0,747.0,792.0,842.0,1197.0
30160-01,37160-01,835.0,880.0,910.0,910.0,940.0,990.0,1040.0,1090.0,1689.7675,1839.7675,,,1285.0,1285.0,1330.0,1380.0,1380.0,1425.0,1470.0,1515.0,1515.0,1560.0,1610.0,2100.0
30160-02,37160-02,461.0,486.0,501.0,501.0,521.0,541.0,561.0,581.0,891.0425,966.0425,,,736.0,736.0,781.0,831.0,831.0,876.0,921.0,966.0,966.0,1011.0,1061.0,1416.0
30160-03,37160-03,720.0,765.0,795.0,795.0,825.0,875.0,925.0,975.0,1575.0225,1725.0225,,,1170.0,1170.0,1215.0,1265.0,1265.0,1310.0,1355.0,1400.0,1400.0,1445.0,1495.0,1850.0
30160-07,37160-07,630.0,672.0,702.0,702.0,732.0,782.0,832.0,882.0,1482.39,1632.39,,,1080.0,1080.0,1122.0,1172.0,1172.0,1217.0,1262.0,1307.0,1307.0,1352.0,1402.0,1757.0
30160-08,37160-08,630.0,672.0,702.0,702.0,732.0,782.0,832.0,882.0,1482.39,1632.39,,,1080.0,1080.0,1122.0,1172.0,1172.0,1217.0,1262.0,1307.0,1307.0,1352.0,1402.0,1757.0
30160-09,37160-09,374.0,394.0,409.0,409.0,444.0,479.0,514.0,549.0,968.7075,1073.7075,,,649.0,649.0,689.0,739.0,739.0,784.0,829.0,874.0,874.0,919.0,949.0,1099.0
30160-10,37160-10,356.0,376.0,391.0,391.0,411.0,431.0,451.0,471.0,696.0925,756.0925,,,631.0,631.0,671.0,721.0,721.0,766.0,811.0,856.0,856.0,901.0,931.0,1081.0
30160-11,37160-11,396.0,418.0,433.0,433.0,468.0,503.0,538.0,573.0,993.41,1098.41,,,671.0,671.0,713.0,763.0,763.0,808.0,853.0,898.0,898.0,943.0,973.0,1123.0
30160-12,37160-12,396.0,418.0,433.0,433.0,468.0,503.0,538.0,573.0,993.41,1098.41,,,671.0,671.0,713.0,763.0,763.0,808.0,853.0,898.0,898.0,943.0,973.0,1123.0
30160-14,37160-14,565.0,585.0,600.0,600.0,615.0,635.0,655.0,675.0,1245.0725,1365.0725,,,1015.0,1015.0,1055.0,1105.0,1105.0,1150.0,1195.0,1240.0,1240.0,1285.0,1335.0,1690.0
30160-15,37160-15,570.0,610.0,640.0,640.0,670.0,720.0,770.0,820.0,1419.5875,1569.5875,,,820.0,820.0,860.0,910.0,910.0,955.0,1000.0,1045.0,1045.0,1090.0,1140.0,1495.0
30160-16,37160-16,570.0,610.0,640.0,640.0,670.0,720.0,770.0,820.0,1419.5875,1569.5875,,,820.0,820.0,860.0,910.0,910.0,955.0,1000.0,1045.0,1045.0,1090.0,1140.0,1495.0
30160-17,37160-17,659.0,699.0,729.0,729.0,759.0,809.0,859.0,909.0,1508.965,1658.965,,,859.0,859.0,899.0,949.0,949.0,994.0,1039.0,1084.0,1084.0,1129.0,1179.0,1534.0
30160-18,37160-18,659.0,699.0,729.0,729.0,759.0,809.0,859.0,909.0,1508.965,1658.965,,,859.0,859.0,899.0,949.0,949.0,994.0,1039.0,1084.0,1084.0,1129.0,1179.0,1534.0
30160-35,37160-35,564.0,604.0,634.0,634.0,664.0,714.0,764.0,814.0,1244.4425,1364.4425,,,814.0,814.0,854.0,904.0,904.0,949.0,994.0,1039.0,1039.0,1084.0,1134.0,1489.0
30160-36,37160-36,564.0,604.0,634.0,634.0,664.0,714.0,764.0,814.0,1244.4425,1364.4425,,,814.0,814.0,854.0,904.0,904.0,949.0,994.0,1039.0,1039.0,1084.0,1134.0,1489.0
30160-86,37160-86,745.0,787.0,817.0,817.0,847.0,897.0,947.0,997.0,1597.135,1747.135,,,1195.0,1195.0,1237.0,1287.0,1287.0,1332.0,1377.0,1422.0,1422.0,1467.0,1517.0,1872.0
30160-87,37160-87,745.0,787.0,817.0,817.0,847.0,897.0,947.0,997.0,1597.135,1747.135,,,1195.0,1195.0,1237.0,1287.0,1287.0,1332.0,1377.0,1422.0,1422.0,1467.0,1517.0,1872.0
30160-92,37160-92,655.0,695.0,725.0,725.0,755.0,805.0,855.0,905.0,1504.8175,1654.8175,,,1105.0,1105.0,1145.0,1195.0,1195.0,1240.0,1285.0,1330.0,1330.0,1375.0,1425.0,1780.0
30160-94,37160-94,271.0,291.0,306.0,306.0,326.0,346.0,366.0,386.0,546.2125,606.2125,,,421.0,421.0,441.0,456.0,456.0,471.0,481.0,491.0,491.0,501.0,511.0,641.0
30160-DC,37160-DC,539.0,579.0,609.0,609.0,639.0,689.0,739.0,789.0,964.11,1039.11,,,864.0,864.0,904.0,954.0,954.0,999.0,1044.0,1089.0,1089.0,1134.0,1184.0,1539.0
30160-DS,37160-DS,480.0,523.0,553.0,553.0,583.0,633.0,683.0,733.0,908.2975,983.2975,,,605.0,605.0,648.0,698.0,698.0,743.0,788.0,833.0,833.0,878.0,928.0,1283.0
30160-DA,37160-DA,430.0,473.0,503.0,503.0,533.0,583.0,633.0,683.0,858.2975,933.2975,,,555.0,555.0,598.0,648.0,648.0,693.0,738.0,783.0,783.0,828.0,878.0,1233.0
30160-DR,37160-DR,455.0,498.0,528.0,528.0,558.0,608.0,658.0,708.0,883.2975,958.2975,,,580.0,580.0,623.0,673.0,673.0,718.0,763.0,808.0,808.0,853.0,903.0,1258.0
30160-DL,37160-DL,455.0,498.0,528.0,528.0,558.0,608.0,658.0,708.0,883.2975,958.2975,,,580.0,580.0,623.0,673.0,673.0,718.0,763.0,808.0,808.0,853.0,903.0,1258.0
30160-QC,37160-QC,554.0,594.0,624.0,624.0,654.0,704.0,754.0,804.0,978.855,1053.855,,,954.0,954.0,994.0,1044.0,1044.0,1089.0,1134.0,1179.0,1179.0,1224.0,1274.0,1629.0
30160-QS,37160-QS,505.0,548.0,578.0,578.0,608.0,658.0,708.0,758.0,933.2975,1008.2975,,,630.0,630.0,673.0,723.0,723.0,768.0,813.0,858.0,858.0,903.0,953.0,1308.0
30160-QA,37160-QA,455.0,498.0,528.0,528.0,558.0,608.0,658.0,708.0,883.2975,958.2975,,,583.0,583.0,623.0,673.0,673.0,718.0,763.0,808.0,808.0,853.0,903.0,1258.0
30160-QR,37160-QR,480.0,523.0,553.0,553.0,583.0,633.0,683.0,733.0,908.2975,983.2975,,,608.0,608.0,648.0,698.0,698.0,743.0,788.0,833.0,833.0,878.0,928.0,1283.0
30160-QL,37160-QL,480.0,523.0,553.0,553.0,583.0,633.0,683.0,733.0,908.2975,983.2975,,,605.0,605.0,648.0,698.0,698.0,743.0,788.0,833.0,833.0,878.0,928.0,1283.0
30160-SC,37160-SC,519.0,559.0,589.0,589.0,619.0,669.0,719.0,769.0,943.5975,1018.5975,,,744.0,744.0,784.0,834.0,834.0,879.0,924.0,969.0,969.0,1014.0,1064.0,1419.0
30160-SS,37160-SS,397.0,437.0,467.0,467.0,497.0,547.0,597.0,647.0,821.6675,896.6675,,,522.0,522.0,562.0,612.0,612.0,657.0,702.0,747.0,747.0,792.0,842.0,1197.0
30095-01,37095-01,713.0,753.0,783.0,783.0,813.0,863.0,913.0,963.0,1563.0,1713.0,,,1188.0,1188.0,1228.0,1278.0,1278.0,1323.0,1368.0,1413.0,1413.0,1458.0,1508.0,1998.0
30095-02,37095-02,367.0,387.0,402.0,402.0,422.0,442.0,462.0,482.0,792.0,867.0,,,617.0,617.0,657.0,707.0,707.0,752.0,797.0,842.0,842.0,887.0,937.0,1292.0
30095-03,37095-03,684.0,724.0,754.0,754.0,784.0,834.0,884.0,934.0,1534.0,1684.0,,,1034.0,1034.0,1074.0,1124.0,1124.0,1169.0,1214.0,1259.0,1259.0,1304.0,1354.0,1709.0
30095-04,37095-04,260.0,280.0,295.0,295.0,315.0,335.0,355.0,375.0,600.0,660.0,,,310.0,310.0,330.0,345.0,345.0,360.0,370.0,380.0,380.0,390.0,400.0,530.0
30095-07,37095-07,639.0,679.0,709.0,709.0,739.0,789.0,839.0,889.0,1489.0,1639.0,,,1014.0,1014.0,1054.0,1104.0,1104.0,1149.0,1194.0,1239.0,1239.0,1284.0,1334.0,1689.0
30095-08,37095-08,639.0,679.0,709.0,709.0,739.0,789.0,839.0,889.0,1489.0,1639.0,,,1014.0,1014.0,1054.0,1104.0,1104.0,1149.0,1194.0,1239.0,1239.0,1284.0,1334.0,1689.0
30095-15,37095-15,649.0,689.0,719.0,719.0,749.0,799.0,849.0,899.0,1499.0,1649.0,,,1024.0,1024.0,1064.0,1114.0,1114.0,1159.0,1204.0,1249.0,1249.0,1294.0,1344.0,1699.0
30095-16,37095-16,649.0,689.0,719.0,719.0,749.0,799.0,849.0,899.0,1499.0,1649.0,,,1024.0,1024.0,1064.0,1114.0,1114.0,1159.0,1204.0,1249.0,1249.0,1294.0,1344.0,1699.0
30095-17,37095-17,664.0,704.0,734.0,734.0,764.0,814.0,864.0,914.0,1514.0,1664.0,,,1064.0,1064.0,1104.0,1154.0,1154.0,1199.0,1244.0,1289.0,1289.0,1334.0,1384.0,1739.0
30095-18,37095-18,664.0,704.0,734.0,734.0,764.0,814.0,864.0,914.0,1514.0,1664.0,,,1064.0,1064.0,1104.0,1154.0,1154.0,1199.0,1244.0,1289.0,1289.0,1334.0,1384.0,1739.0
30095-24,37095-24,283.0,303.0,318.0,318.0,338.0,358.0,378.0,398.0,623.0,683.0,,,423.0,423.0,463.0,513.0,513.0,558.0,603.0,648.0,648.0,693.0,723.0,873.0
30095-86,37095-86,787.0,827.0,857.0,857.0,887.0,937.0,987.0,1037.0,1637.0,1787.0,,,1262.0,1262.0,1302.0,1352.0,1352.0,1397.0,1442.0,1487.0,1487.0,1532.0,1582.0,1937.0
30095-87,37095-87,787.0,827.0,857.0,857.0,887.0,937.0,987.0,1037.0,1637.0,1787.0,,,1262.0,1262.0,1302.0,1352.0,1352.0,1397.0,1442.0,1487.0,1487.0,1532.0,1582.0,1937.0
30095-91,37095-91,698.0,738.0,768.0,768.0,798.0,848.0,898.0,948.0,1548.0,1698.0,,,1123.0,1123.0,1163.0,1213.0,1213.0,1258.0,1303.0,1348.0,1348.0,1393.0,1443.0,1798.0
30095-96,37095-96,654.0,694.0,724.0,724.0,754.0,804.0,854.0,904.0,1504.0,1654.0,,,1054.0,1054.0,1094.0,1144.0,1144.0,1189.0,1234.0,1279.0,1279.0,1324.0,1374.0,1729.0
30095-97,37095-97,654.0,694.0,724.0,724.0,754.0,804.0,854.0,904.0,1504.0,1654.0,,,1054.0,1054.0,1094.0,1144.0,1144.0,1189.0,1234.0,1279.0,1279.0,1324.0,1374.0,1729.0
30095-S3,37095-S3,807.0,847.0,877.0,877.0,907.0,957.0,1007.0,1057.0,1657.0,1807.0,,,1282.0,1282.0,1322.0,1372.0,1372.0,1417.0,1462.0,1507.0,1507.0,1552.0,1602.0,2092.0
30195-01,37195-01,713.0,753.0,783.0,783.0,813.0,863.0,913.0,963.0,1563.0,1713.0,,,1188.0,1188.0,1228.0,1278.0,1278.0,1323.0,1368.0,1413.0,1413.0,1458.0,1508.0,1998.0
30195-02,37195-02,367.0,387.0,402.0,402.0,422.0,442.0,462.0,482.0,792.0,867.0,,,617.0,617.0,657.0,707.0,707.0,752.0,797.0,842.0,842.0,887.0,937.0,1292.0
30195-03,37195-03,684.0,724.0,754.0,754.0,784.0,834.0,884.0,934.0,1534.0,1684.0,,,1034.0,1034.0,1074.0,1124.0,1124.0,1169.0,1214.0,1259.0,1259.0,1304.0,1354.0,1709.0
30195-07,37195-07,639.0,679.0,709.0,709.0,739.0,789.0,839.0,889.0,1489.0,1639.0,,,1014.0,1014.0,1054.0,1104.0,1104.0,1149.0,1194.0,1239.0,1239.0,1284.0,1334.0,1689.0
30195-08,37195-08,639.0,679.0,709.0,709.0,739.0,789.0,839.0,889.0,1489.0,1639.0,,,1014.0,1014.0,1054.0,1104.0,1104.0,1149.0,1194.0,1239.0,1239.0,1284.0,1334.0,1689.0
30195-15,37195-15,649.0,689.0,719.0,719.0,749.0,799.0,849.0,899.0,1499.0,1649.0,,,1024.0,1024.0,1064.0,1114.0,1114.0,1159.0,1204.0,1249.0,1249.0,1294.0,1344.0,1699.0
30195-16,37195-16,649.0,689.0,719.0,719.0,749.0,799.0,849.0,899.0,1499.0,1649.0,,,1024.0,1024.0,1064.0,1114.0,1114.0,1159.0,1204.0,1249.0,1249.0,1294.0,1344.0,1699.0
30195-17,37195-17,664.0,704.0,734.0,734.0,764.0,814.0,864.0,914.0,1514.0,1664.0,,,1064.0,1064.0,1104.0,1154.0,1154.0,1199.0,1244.0,1289.0,1289.0,1334.0,1384.0,1739.0
30195-18,37195-18,664.0,704.0,734.0,734.0,764.0,814.0,864.0,914.0,1514.0,1664.0,,,1064.0,1064.0,1104.0,1154.0,1154.0,1199.0,1244.0,1289.0,1289.0,1334.0,1384.0,1739.0
30195-24,37195-24,283.0,303.0,318.0,318.0,338.0,358.0,378.0,398.0,623.0,683.0,,,423.0,423.0,463.0,513.0,513.0,558.0,603.0,648.0,648.0,693.0,723.0,873.0
30195-86,37195-86,787.0,827.0,857.0,857.0,887.0,937.0,987.0,1037.0,1637.0,1787.0,,,1262.0,1262.0,1302.0,1352.0,1352.0,1397.0,1442.0,1487.0,1487.0,1532.0,1582.0,1937.0
30195-87,37195-87,787.0,827.0,857.0,857.0,887.0,937.0,987.0,1037.0,1637.0,1787.0,,,1262.0,1262.0,1302.0,1352.0,1352.0,1397.0,1442.0,1487.0,1487.0,1532.0,1582.0,1937.0
30195-91,37195-91,698.0,738.0,768.0,768.0,798.0,848.0,898.0,948.0,1548.0,1698.0,,,1123.0,1123.0,1163.0,1213.0,1213.0,1258.0,1303.0,1348.0,1348.0,1393.0,1443.0,1798.0
30195-96,37195-96,654.0,694.0,724.0,724.0,754.0,804.0,854.0,904.0,1504.0,1654.0,,,1054.0,1054.0,1094.0,1144.0,1144.0,1189.0,1234.0,1279.0,1279.0,1324.0,1374.0,1729.0
30195-97,37195-97,654.0,694.0,724.0,724.0,754.0,804.0,854.0,904.0,1504.0,1654.0,,,1054.0,1054.0,1094.0,1144.0,1144.0,1189.0,1234.0,1279.0,1279.0,1324.0,1374.0,1729.0
30195-S3,37195-S3,807.0,847.0,877.0,877.0,907.0,957.0,1007.0,1057.0,1657.0,1807.0,,,1282.0,1282.0,1322.0,1372.0,1372.0,1417.0,1462.0,1507.0,1507.0,1552.0,1602.0,2092.0
30024-01,37024-01,487.0,527.0,557.0,557.0,587.0,637.0,687.0,737.0,1337.0,1487.0,,,892.0,892.0,932.0,982.0,982.0,1027.0,1072.0,1117.0,1117.0,1162.0,1212.0,1702.0
30024-02,37024-02,283.0,303.0,318.0,318.0,338.0,358.0,378.0,398.0,708.0,783.0,,,528.0,528.0,568.0,618.0,618.0,663.0,708.0,753.0,753.0,798.0,848.0,1203.0
30024-03,37024-03,412.0,452.0,482.0,482.0,512.0,562.0,612.0,662.0,1262.0,1412.0,,,762.0,762.0,802.0,852.0,852.0,897.0,942.0,987.0,987.0,1032.0,1082.0,1437.0
30024-07,37024-07,357.0,397.0,427.0,427.0,457.0,507.0,557.0,607.0,1207.0,1357.0,,,702.0,702.0,742.0,792.0,792.0,837.0,882.0,927.0,927.0,972.0,1022.0,1377.0
30024-08,37024-08,357.0,397.0,427.0,427.0,457.0,507.0,557.0,607.0,1207.0,1357.0,,,702.0,702.0,742.0,792.0,792.0,837.0,882.0,927.0,927.0,972.0,1022.0,1377.0
30024-10,37024-10,202.0,222.0,237.0,237.0,257.0,277.0,297.0,317.0,542.0,602.0,,,332.0,332.0,372.0,422.0,422.0,467.0,512.0,557.0,557.0,602.0,632.0,782.0
30024-14,37024-14,257.0,277.0,292.0,292.0,307.0,327.0,347.0,367.0,937.0,1057.0,,,557.0,557.0,597.0,647.0,647.0,692.0,737.0,782.0,782.0,827.0,877.0,1232.0
30024-15,37024-15,367.0,407.0,437.0,437.0,467.0,517.0,567.0,617.0,1217.0,1367.0,,,697.0,697.0,737.0,787.0,787.0,832.0,877.0,922.0,922.0,967.0,1017.0,1372.0
30024-16,37024-16,367.0,407.0,437.0,437.0,467.0,517.0,567.0,617.0,1217.0,1367.0,,,697.0,697.0,737.0,787.0,787.0,832.0,877.0,922.0,922.0,967.0,1017.0,1372.0
30024-21,37024-21,667.0,707.0,737.0,737.0,767.0,817.0,867.0,917.0,1517.0,1667.0,,,1117.0,1117.0,1157.0,1207.0,1207.0,1252.0,1297.0,1342.0,1342.0,1387.0,1437.0,1792.0
30024-30,37024-30,304.0,324.0,339.0,339.0,354.0,374.0,394.0,414.0,729.0,804.0,,,504.0,504.0,544.0,594.0,594.0,639.0,684.0,729.0,729.0,774.0,824.0,1044.0
30024-86,37024-86,547.0,587.0,617.0,617.0,647.0,697.0,747.0,797.0,1397.0,1547.0,,,902.0,902.0,942.0,992.0,992.0,1037.0,1082.0,1127.0,1127.0,1172.0,1222.0,1577.0
30024-87,37024-87,547.0,587.0,617.0,617.0,647.0,697.0,747.0,797.0,1397.0,1547.0,,,902.0,902.0,942.0,992.0,992.0,1037.0,1082.0,1127.0,1127.0,1172.0,1222.0,1577.0
30024-91,37024-91,471.25,511.25,541.25,541.25,571.25,621.25,671.0,721.0,1321.0,1471.0,,,896.0,896.0,936.0,986.0,986.0,1031.0,1076.0,1121.0,1121.0,1166.0,1216.0,1571.0
30024-93,37024-93,268.615,288.615,303.615,303.615,323.615,343.615,363.615,384.0,544.0,604.0,323.615,343.615,329.0,329.0,349.0,364.0,364.0,379.0,389.0,399.0,399.0,409.0,419.0,549.0
30024-94,37024-94,295.3825,315.3825,330.3825,330.3825,350.3825,370.3825,390.3825,410.0,570.0,630.0,350.3825,370.3825,330.0,330.0,350.0,365.0,365.0,380.0,390.0,400.0,400.0,410.0,420.0,550.0
30156-01,37156-01,552.0,592.0,622.0,622.0,652.0,702.0,752.0,802.0,1401.65,1551.65,,,1037.0,1037.0,1077.0,1127.0,1127.0,1172.0,1217.0,1262.0,1262.0,1307.0,1357.0,1847.0
30156-02,37156-02,352.0,372.0,387.0,387.0,407.0,427.0,447.0,467.0,776.725,851.725,407.0,427.0,627.0,627.0,667.0,717.0,717.0,762.0,807.0,852.0,852.0,897.0,947.0,1302.0
30156-03,37156-03,470.0,510.0,540.0,540.0,570.0,620.0,670.0,720.0,1320.4625,1470.4625,,,855.0,855.0,895.0,945.0,945.0,990.0,1035.0,1080.0,1080.0,1125.0,1175.0,1530.0
30156-04,37156-04,133.0,153.0,168.0,168.0,188.0,208.0,228.0,248.0,473.305,533.305,188.0,208.0,258.0,258.0,278.0,293.0,293.0,308.0,318.0,328.0,328.0,338.0,348.0,478.0
30156-07,37156-07,428.0,468.0,498.0,498.0,528.0,578.0,628.0,678.0,1278.1925,1428.1925,,,808.0,808.0,848.0,898.0,898.0,943.0,988.0,1033.0,1033.0,1078.0,1128.0,1483.0
30156-08,37156-08,428.0,468.0,498.0,498.0,528.0,578.0,628.0,678.0,1278.1925,1428.1925,,,808.0,808.0,848.0,898.0,898.0,943.0,988.0,1033.0,1033.0,1078.0,1128.0,1483.0
30156-09,37156-09,304.0,324.0,339.0,339.0,374.0,409.0,444.0,479.0,899.2575,1004.2575,,,554.0,554.0,594.0,644.0,644.0,689.0,734.0,779.0,779.0,824.0,854.0,1004.0
30156-10,37156-10,280.0,300.0,315.0,315.0,335.0,355.0,375.0,395.0,619.91,679.91,,,480.0,480.0,520.0,570.0,570.0,615.0,660.0,705.0,705.0,750.0,780.0,930.0
30156-14,37156-14,401.0,421.0,436.0,436.0,451.0,471.0,491.0,511.0,1080.94,1200.94,,,761.0,761.0,801.0,851.0,851.0,896.0,941.0,986.0,986.0,1031.0,1081.0,1436.0
30156-15,37156-15,433.0,473.0,503.0,503.0,533.0,583.0,633.0,683.0,1282.865,1432.865,,,813.0,813.0,853.0,903.0,903.0,948.0,993.0,1038.0,1038.0,1083.0,1133.0,1488.0
30156-16,37156-16,433.0,473.0,503.0,503.0,533.0,583.0,633.0,683.0,1282.865,1432.865,,,813.0,813.0,853.0,903.0,903.0,948.0,993.0,1038.0,1038.0,1083.0,1133.0,1488.0
30156-39,37156-39,608.0,648.0,678.0,678.0,708.0,758.0,808.0,858.0,1457.6425,1607.6425,,,1133.0,1133.0,1173.0,1223.0,1223.0,1268.0,1313.0,1358.0,1358.0,1403.0,1453.0,1943.0
30156-40,37156-40,608.0,648.0,678.0,678.0,708.0,758.0,808.0,858.0,1457.6425,1607.6425,,,1133.0,1133.0,1173.0,1223.0,1223.0,1268.0,1313.0,1358.0,1358.0,1403.0,1453.0,1943.0
30156-64,37156-64,147.0,167.0,182.0,182.0,202.0,222.0,242.0,262.0,422.22,482.22,202.0,222.0,282.0,282.0,302.0,317.0,317.0,332.0,342.0,352.0,352.0,362.0,372.0,502.0
30156-82,37156-82,580.0,620.0,650.0,650.0,680.0,730.0,780.0,830.0,1430.005,1580.005,,,1035.0,1035.0,1075.0,1125.0,1125.0,1170.0,1215.0,1260.0,1260.0,1305.0,1355.0,1710.0
30156-83,37156-83,580.0,620.0,650.0,650.0,680.0,730.0,780.0,830.0,1430.005,1580.005,,,1035.0,1035.0,1075.0,1125.0,1125.0,1170.0,1215.0,1260.0,1260.0,1305.0,1355.0,1710.0
30156-86,37156-86,554.0,594.0,624.0,624.0,654.0,704.0,754.0,804.0,1404.205,1554.205,,,1014.0,1014.0,1054.0,1104.0,1104.0,1149.0,1194.0,1239.0,1239.0,1284.0,1334.0,1689.0
30156-87,37156-87,554.0,594.0,624.0,624.0,654.0,704.0,754.0,804.0,1404.205,1554.205,,,1014.0,1014.0,1054.0,1104.0,1104.0,1149.0,1194.0,1239.0,1239.0,1284.0,1334.0,1689.0
30157-01,37157-01,452.0,492.0,522.0,522.0,552.0,602.0,652.0,702.0,1301.65,1451.65,,,937.0,937.0,977.0,1027.0,1027.0,1072.0,1117.0,1162.0,1162.0,1207.0,1257.0,1747.0
30157-02,37157-02,302.0,322.0,337.0,337.0,357.0,377.0,397.0,417.0,726.725,801.725,357.0,377.0,527.0,527.0,567.0,617.0,617.0,662.0,707.0,752.0,752.0,797.0,847.0,1202.0
30157-03,37157-03,370.0,410.0,440.0,440.0,470.0,520.0,570.0,620.0,1220.4625,1370.4625,,,755.0,755.0,795.0,845.0,845.0,890.0,935.0,980.0,980.0,1025.0,1075.0,1430.0
30157-04,37157-04,133.0,153.0,168.0,168.0,188.0,208.0,228.0,248.0,473.305,533.305,188.0,208.0,258.0,258.0,278.0,293.0,293.0,308.0,318.0,328.0,328.0,338.0,348.0,478.0
30157-07,37157-07,328.0,368.0,398.0,398.0,428.0,478.0,528.0,578.0,1178.1925,1328.1925,,,733.0,733.0,773.0,823.0,823.0,868.0,913.0,958.0,958.0,1003.0,1053.0,1408.0
30157-08,37157-08,328.0,368.0,398.0,398.0,428.0,478.0,528.0,578.0,1178.1925,1328.1925,,,733.0,733.0,773.0,823.0,823.0,868.0,913.0,958.0,958.0,1003.0,1053.0,1408.0
30157-09,37157-09,254.0,274.0,289.0,289.0,324.0,359.0,394.0,429.0,849.2575,954.2575,,,454.0,454.0,494.0,544.0,544.0,589.0,634.0,679.0,679.0,724.0,754.0,904.0
30157-10,37157-10,230.0,250.0,265.0,265.0,285.0,305.0,325.0,345.0,569.91,629.91,,,380.0,380.0,420.0,470.0,470.0,515.0,560.0,605.0,605.0,650.0,680.0,830.0
30157-14,37157-14,301.0,321.0,336.0,336.0,351.0,371.0,391.0,411.0,980.94,1100.94,,,661.0,661.0,701.0,751.0,751.0,796.0,841.0,886.0,886.0,931.0,981.0,1336.0
30157-15,37157-15,333.0,373.0,403.0,403.0,433.0,483.0,533.0,583.0,1182.865,1332.865,,,738.0,738.0,778.0,828.0,828.0,873.0,918.0,963.0,963.0,1008.0,1058.0,1413.0
30157-16,37157-16,333.0,373.0,403.0,403.0,433.0,483.0,533.0,583.0,1182.865,1332.865,,,738.0,738.0,778.0,828.0,828.0,873.0,918.0,963.0,963.0,1008.0,1058.0,1413.0
30157-39,37157-39,508.0,548.0,578.0,578.0,608.0,658.0,708.0,758.0,1357.6425,1507.6425,,,1033.0,1033.0,1073.0,1123.0,1123.0,1168.0,1213.0,1258.0,1258.0,1303.0,1353.0,1843.0
30157-40,37157-40,508.0,548.0,578.0,578.0,608.0,658.0,708.0,758.0,1357.6425,1507.6425,,,1033.0,1033.0,1073.0,1123.0,1123.0,1168.0,1213.0,1258.0,1258.0,1303.0,1353.0,1843.0
30157-64,37157-64,147.0,167.0,182.0,182.0,202.0,222.0,242.0,262.0,422.22,482.22,202.0,222.0,282.0,282.0,302.0,317.0,317.0,332.0,342.0,352.0,352.0,362.0,372.0,502.0
30157-82,37157-82,480.0,520.0,550.0,550.0,580.0,630.0,680.0,730.0,1330.005,1480.005,,,935.0,935.0,975.0,1025.0,1025.0,1070.0,1115.0,1160.0,1160.0,1205.0,1255.0,1610.0
30157-83,37157-83,480.0,520.0,550.0,550.0,580.0,630.0,680.0,730.0,1330.005,1480.005,,,935.0,935.0,975.0,1025.0,1025.0,1070.0,1115.0,1160.0,1160.0,1205.0,1255.0,1610.0
30157-86,37157-86,454.0,494.0,524.0,524.0,554.0,604.0,654.0,704.0,1304.205,1454.205,,,914.0,914.0,954.0,1004.0,1004.0,1049.0,1094.0,1139.0,1139.0,1184.0,1234.0,1589.0
30157-87,37157-87,454.0,494.0,524.0,524.0,554.0,604.0,654.0,704.0,1304.205,1454.205,,,914.0,914.0,954.0,1004.0,1004.0,1049.0,1094.0,1139.0,1139.0,1184.0,1234.0,1589.0
30129-01,37129-01,488.0,528.0,558.0,558.0,588.0,638.0,688.0,738.0,1338.0,1488.0,,,938.0,938.0,978.0,1028.0,1028.0,1073.0,1118.0,1163.0,1163.0,1208.0,1258.0,1748.0
30129-02,37129-02,272.0,292.0,307.0,307.0,327.0,347.0,367.0,387.0,697.0,772.0,,,522.0,522.0,562.0,612.0,612.0,657.0,702.0,747.0,747.0,792.0,842.0,1197.0
30129-03,37129-03,380.0,420.0,450.0,450.0,480.0,530.0,580.0,630.0,1230.0,1380.0,,,780.0,780.0,820.0,870.0,870.0,915.0,960.0,1005.0,1005.0,1050.0,1100.0,1455.0
30129-07,37129-07,335.0,375.0,405.0,405.0,435.0,485.0,535.0,585.0,1185.0,1335.0,,,735.0,735.0,775.0,825.0,825.0,870.0,915.0,960.0,960.0,1005.0,1055.0,1410.0
30129-08,37129-08,335.0,375.0,405.0,405.0,435.0,485.0,535.0,585.0,1185.0,1335.0,,,735.0,735.0,775.0,825.0,825.0,870.0,915.0,960.0,960.0,1005.0,1055.0,1410.0
30129-10,37129-10,232.0,252.0,267.0,267.0,287.0,307.0,327.0,347.0,572.0,632.0,,,382.0,382.0,422.0,472.0,472.0,517.0,562.0,607.0,607.0,652.0,682.0,832.0
30129-15,37129-15,337.0,377.0,407.0,407.0,437.0,487.0,537.0,587.0,1187.0,1337.0,,,687.0,687.0,727.0,777.0,777.0,822.0,867.0,912.0,912.0,957.0,1007.0,1362.0
30129-16,37129-16,337.0,377.0,407.0,407.0,437.0,487.0,537.0,587.0,1187.0,1337.0,,,687.0,687.0,727.0,777.0,777.0,822.0,867.0,912.0,912.0,957.0,1007.0,1362.0
30129-21,37129-21,710.0,750.0,780.0,780.0,810.0,860.0,910.0,960.0,1560.0,1710.0,,,1135.0,1135.0,1175.0,1225.0,1225.0,1270.0,1315.0,1360.0,1360.0,1405.0,1455.0,1810.0
30129-39,37129-39,507.0,547.0,577.0,577.0,607.0,657.0,707.0,757.0,1357.0,1507.0,,,982.0,982.0,1022.0,1072.0,1072.0,1117.0,1162.0,1207.0,1207.0,1252.0,1302.0,1792.0
30129-40,37129-40,507.0,547.0,577.0,577.0,607.0,657.0,707.0,757.0,1357.0,1507.0,,,982.0,982.0,1022.0,1072.0,1072.0,1117.0,1162.0,1207.0,1207.0,1252.0,1302.0,1792.0
30129-86,37129-86,493.0,533.0,563.0,563.0,593.0,643.0,693.0,743.0,1343.0,1493.0,,,993.0,993.0,1033.0,1083.0,1083.0,1128.0,1173.0,1218.0,1218.0,1263.0,1313.0,1668.0
30129-87,37129-87,493.0,533.0,563.0,563.0,593.0,643.0,693.0,743.0,1343.0,1493.0,,,993.0,993.0,1033.0,1083.0,1083.0,1128.0,1173.0,1218.0,1218.0,1263.0,1313.0,1668.0
30042-01,37042-01,371.0,411.0,441.0,441.0,471.0,521.0,571.0,621.0,1221.0,1371.0,,,671.0,671.0,711.0,761.0,761.0,806.0,851.0,896.0,896.0,941.0,991.0,1481.0
30042-02,37042-02,265.0,285.0,300.0,300.0,320.0,340.0,360.0,380.0,690.0,765.0,,,465.0,465.0,505.0,555.0,555.0,600.0,645.0,690.0,690.0,735.0,785.0,1140.0
30042-03,37042-03,318.0,358.0,388.0,388.0,418.0,468.0,518.0,568.0,1168.0,1318.0,,,568.0,568.0,608.0,658.0,658.0,703.0,748.0,793.0,793.0,838.0,888.0,1243.0
30042-94,37042-94,171.2275,191.2275,206.2275,206.2275,226.2275,246.2275,266.0,286.0,446.0,506.0,226.2275,246.2275,236.2275,236.2275,256.22749999999996,271.22749999999996,271.22749999999996,286.22749999999996,296.22749999999996,306.22749999999996,306.22749999999996,316.22749999999996,326.0,456.0
30295-32,37295-32,108.0,118.0525,133.0525,133.0525,148.0525,163.0525,178.0525,198.0525,278.0525,308.0525,148.0525,163.0525,178.0,178.0,188.0525,203.0525,203.0525,218.0525,233.0525,248.0525,248.0525,263.0525,273.0525,313.0525
30295-34,37295-34,214.0,224.2625,239.2625,239.2625,254.2625,269.2625,284.2625,304.2625,469.2625,514.2625,254.2625,269.2625,319.0,319.0,329.2625,344.2625,344.2625,359.2625,374.2625,389.2625,389.2625,404.2625,419.2625,544.2625
30295-54,37295-54,369.0,409.08,439.08,439.08,469.08,519.0799999999999,569.0799999999999,619.0799999999999,794.08,869.08,469.08,519.0799999999999,439.0,439.0,479.08,529.0799999999999,529.0799999999999,574.0799999999999,619.0799999999999,664.0799999999999,664.0799999999999,709.0799999999999,759.0799999999999,1114.08
30295-65,37295-65,31.0,36.44,41.44,41.44,46.44,56.44,66.44,71.44,201.44,231.44,46.44,56.44,41.0,41.0,46.44,51.44,51.44,56.44,66.44,76.44,76.44,86.44,91.44,116.44
30295-66,37295-66,63.0,68.11,73.11,73.11,78.11,88.11,98.11,103.11,233.11,263.11,78.11,88.11,73.0,73.0,78.11,83.11,83.11,88.11,98.11,108.11,108.11,118.11,123.11,148.11
30295-67,37295-67,37.0,41.8625,46.8625,46.8625,51.8625,61.8625,71.8625,76.8625,206.8625,236.8625,51.8625,61.8625,47.0,47.0,51.8625,56.8625,56.8625,61.8625,71.8625,81.8625,81.8625,91.8625,96.8625,121.8625
30135-SB,37135-SB,324.0,344.0,359.0,359.0,379.0,399.0,419.0,439.0,599.0825,674.0825,,,474.0,474.0,494.0,509.0,509.0,529.0,549.0,569.0,569.0,589.0,609.0,804.0
30135-MB,37135-MB,346.0,366.0,381.0,381.0,401.0,421.0,441.0,461.0,620.81,695.81,,,496.0,496.0,516.0,531.0,531.0,551.0,571.0,591.0,591.0,611.0,631.0,826.0
30135-LB,37135-LB,388.0,408.0,423.0,423.0,443.0,463.0,483.0,503.0,663.3025,738.3025,,,538.0,538.0,558.0,573.0,573.0,593.0,613.0,633.0,633.0,653.0,673.0,868.0
30125-02,37125-02,411.0,431.0,446.0,446.0,466.0,486.0,506.0,526.0,836.0,911.0,466.0,486.0,521.0,521.0,561.0,611.0,611.0,656.0,701.0,746.0,746.0,791.0,841.0,1196.0
30125-04,37125-04,288.0,308.0,323.0,323.0,343.0,363.0,383.0,404.0,628.0,688.0,,,318.0,318.0,338.0,353.0,353.0,368.0,378.0,388.0,388.0,398.0,408.0,539.0
30073-02,37073-02,246.0,266.0,281.0,281.0,301.0,321.0,341.0,361.0,670.94,745.94,,,446.0,446.0,486.0,536.0,536.0,581.0,626.0,671.0,671.0,716.0,766.0,1121.0
30073-04,37073-04,121.0,141.0,156.0,156.0,176.0,196.0,216.0,236.0,461.25,521.25,,,166.0,166.0,186.0,201.0,201.0,216.0,226.0,236.0,236.0,246.0,256.0,386.0
30073-71,37073-71,345.0,365.0,380.0,380.0,400.0,420.0,440.0,460.0,684.91275,744.91275,,,545.0,545.0,585.0,635.0,635.0,680.0,725.0,770.0,770.0,815.0,835.0,1220.0
30212-62,37212-62,603.0,623.0,638.0,638.0,658.0,678.0,698.0,718.0,943.35,1003.35,,,783.0,783.0,823.0,873.0,873.0,918.0,963.0,1008.0,1008.0,1053.0,1103.0,1458.0
30144-04,37144-04,67.0,72.0,77.0,77.0,87.0,97.0,107.0,117.0,236.9975,266.9975,,,127.0,127.0,132.0,137.0,137.0,142.0,147.0,152.0,152.0,157.0,162.0,217.0
30142-04,37142-04,66.0,71.0,76.0,76.0,86.0,96.0,106.0,116.0,235.7825,265.7825,,,86.0,86.0,91.0,96.0,96.0,101.0,106.0,111.0,111.0,116.0,121.0,176.0
30000-04,37000-04,65.8525,70.8525,75.8525,75.8525,85.8525,95.8525,106.0,116.0,236.0,266.0,85.8525,95.8525,85.8525,85.8525,90.8525,95.8525,95.8525,100.8525,105.8525,110.8525,110.8525,115.8525,121.0,176.0
30249-71,37249-71,376.0,396.0,411.0,411.0,431.0,451.0,471.0,491.0,716.46,776.46,,,506.0,506.0,546.0,596.0,596.0,641.0,686.0,731.0,731.0,776.0,796.0,1181.0
30249-04,37249-04,167.0,187.0,202.0,202.0,222.0,242.0,262.0,282.0,506.565,566.565,,,217.0,217.0,237.0,252.0,252.0,267.0,277.0,287.0,287.0,297.0,307.0,437.0
30183-47,37183-47,220.0,235.0,245.0,245.0,260.0,280.0,300.0,320.0,620.025,695.025,,,415.0,415.0,440.0,465.0,465.0,490.0,515.0,540.0,540.0,565.0,590.0,765.0
30183-48,37183-48,242.0,257.0,267.0,267.0,282.0,302.0,322.0,342.0,641.735,716.735,,,462.0,462.0,487.0,512.0,512.0,537.0,562.0,587.0,587.0,612.0,637.0,812.0
30183-49,37183-49,250.0,265.0,275.0,275.0,290.0,310.0,330.0,350.0,650.125,725.125,,,510.0,510.0,535.0,560.0,560.0,585.0,610.0,635.0,635.0,660.0,685.0,860.0
30183-50,37183-50,347.0,362.0,372.0,372.0,387.0,407.0,427.0,447.0,746.52,821.52,,,607.0,607.0,632.0,657.0,657.0,682.0,707.0,732.0,732.0,757.0,782.0,957.0
30183-51,37183-51,117.0,127.0,137.0,137.0,147.0,157.0,167.0,177.0,297.405,327.405,,,162.0,162.0,177.0,197.0,197.0,217.0,237.0,257.0,257.0,277.0,287.0,462.0
30183-52,37183-52,117.0,127.0,137.0,137.0,147.0,157.0,167.0,177.0,296.81,326.81,,,162.0,162.0,177.0,197.0,197.0,217.0,237.0,257.0,257.0,277.0,287.0,462.0
30185-47,37185-47,158.0,173.0,183.0,183.0,198.0,218.0,238.0,258.0,558.11,633.11,,,323.0,323.0,348.0,373.0,373.0,398.0,423.0,448.0,448.0,473.0,498.0,673.0
30185-48,37185-48,183.0,198.0,208.0,208.0,223.0,243.0,263.0,283.0,582.515,657.515,,,373.0,373.0,398.0,423.0,423.0,448.0,473.0,498.0,498.0,523.0,548.0,723.0
30185-49,37185-49,207.0,222.0,232.0,232.0,247.0,267.0,287.0,307.0,607.2175,682.2175,,,422.0,422.0,447.0,472.0,472.0,497.0,522.0,547.0,547.0,572.0,597.0,772.0
30185-50,37185-50,307.0,322.0,332.0,332.0,347.0,367.0,387.0,407.0,706.535,781.535,,,522.0,522.0,547.0,572.0,572.0,597.0,622.0,647.0,647.0,672.0,697.0,872.0
30185-51,37185-51,117.0,127.0,137.0,137.0,147.0,157.0,167.0,177.0,297.405,327.405,,,162.0,162.0,177.0,197.0,197.0,217.0,237.0,257.0,257.0,277.0,287.0,462.0
30185-52,37185-52,117.0,127.0,137.0,137.0,147.0,157.0,167.0,177.0,296.81,326.81,,,162.0,162.0,177.0,197.0,197.0,217.0,237.0,257.0,257.0,277.0,287.0,462.0
30115-48,37115-48,386.0,401.0,411.0,411.0,426.0,446.0,466.0,486.0,1010.7725,1085.7725,,,711.0,711.0,736.0,761.0,761.0,786.0,811.0,836.0,836.0,861.0,886.0,1161.0
30115-49,37115-49,409.0,424.0,434.0,434.0,449.0,469.0,489.0,509.0,1034.1625,1109.1625,,,734.0,734.0,759.0,784.0,784.0,809.0,834.0,859.0,859.0,884.0,909.0,1184.0
30115-50,37115-50,506.0,521.0,531.0,531.0,546.0,566.0,586.0,606.0,1130.505,1205.505,,,831.0,831.0,856.0,881.0,881.0,906.0,931.0,956.0,956.0,981.0,1006.0,1281.0
30115-51,37115-51,226.0,236.0,246.0,246.0,256.0,266.0,276.0,286.0,405.6025,435.6025,,,226.0,226.0,241.0,261.0,261.0,281.0,301.0,321.0,321.0,341.0,351.0,526.0
30115-52,37115-52,225.0,235.0,245.0,245.0,255.0,265.0,275.0,285.0,404.9725,434.9725,,,225.0,225.0,240.0,260.0,260.0,280.0,300.0,320.0,320.0,340.0,350.0,525.0
30115-58,37115-58,432.0,447.0,457.0,457.0,472.0,492.0,512.0,532.0,1057.4825,1132.4825,,,757.0,757.0,782.0,807.0,807.0,832.0,857.0,882.0,882.0,907.0,932.0,1207.0
30115-59,37115-59,456.0,471.0,481.0,481.0,496.0,516.0,536.0,556.0,1080.5225,1155.5225,,,781.0,781.0,806.0,831.0,831.0,856.0,881.0,906.0,906.0,931.0,956.0,1231.0
30115-60,37115-60,551.0,566.0,576.0,576.0,591.0,611.0,631.0,651.0,1176.025,1251.025,,,876.0,876.0,901.0,926.0,926.0,951.0,976.0,1001.0,1001.0,1026.0,1051.0,1326.0
31135-48,36135-48,496.0,511.0,521.0,521.0,536.0,556.0,576.0,596.0,1121.335,1196.335,,,871.0,871.0,896.0,921.0,921.0,946.0,971.0,996.0,996.0,1021.0,1046.0,1321.0
31135-49,36135-49,540.0,555.0,565.0,565.0,580.0,600.0,620.0,640.0,1165.2175,1240.2175,,,893.0,893.0,918.0,943.0,943.0,968.0,993.0,1018.0,1018.0,1043.0,1068.0,1343.0
31135-50,36135-50,610.0,625.0,635.0,635.0,650.0,670.0,690.0,710.0,1235.4325,1310.4325,,,985.0,985.0,1010.0,1035.0,1035.0,1060.0,1085.0,1110.0,1110.0,1135.0,1160.0,1435.0
31135-51,36135-51,216.0,216.0,216.0,216.0,216.0,216.0,216.0,216.0,216.0,216.0,,,216.0,216.0,216.0,216.0,216.0,216.0,216.0,216.0,216.0,216.0,216.0,216.0
31135-52,36135-52,215.0,215.0,215.0,215.0,215.0,215.0,215.0,215.0,215.0,215.0,,,215.0,215.0,215.0,215.0,215.0,215.0,215.0,215.0,215.0,215.0,215.0,215.0
31135-53,36135-53,290.0,290.0,290.0,290.0,290.0,290.0,290.0,290.0,290.0,290.0,,,290.0,290.0,290.0,290.0,290.0,290.0,290.0,290.0,290.0,290.0,290.0,290.0
31135-55,36135-55,291.0,291.0,291.0,291.0,291.0,291.0,291.0,291.0,291.0,291.0,,,291.0,291.0,291.0,291.0,291.0,291.0,291.0,291.0,291.0,291.0,291.0,291.0
31135-56,36135-56,290.0,290.0,290.0,290.0,290.0,290.0,290.0,290.0,290.0,290.0,,,290.0,290.0,290.0,290.0,290.0,290.0,290.0,290.0,290.0,290.0,290.0,290.0
34135-48,35135-48,98.0,113.0,123.0,123.0,138.0,158.0,178.0,198.0,722.69,797.69,,,373.0,373.0,398.0,423.0,423.0,448.0,473.0,498.0,498.0,523.0,548.0,823.0
34135-49,35135-49,108.0,123.0,133.0,133.0,148.0,168.0,188.0,208.0,732.69,807.69,,,423.0,423.0,448.0,473.0,473.0,498.0,523.0,548.0,548.0,573.0,598.0,873.0
34135-50,35135-50,118.0,133.0,143.0,143.0,158.0,178.0,198.0,218.0,742.69,817.69,,,473.0,473.0,498.0,523.0,523.0,548.0,573.0,598.0,598.0,623.0,648.0,923.0
31162-48,36162-48,370.0,385.0,395.0,395.0,410.0,430.0,450.0,470.0,770.065,845.065,,,745.0,745.0,770.0,795.0,795.0,820.0,845.0,870.0,870.0,895.0,920.0,1095.0
31162-51,36162-51,216.0,216.0,216.0,216.0,216.0,216.0,216.0,216.0,216.0,216.0,,,216.0,216.0,216.0,216.0,216.0,216.0,216.0,216.0,216.0,216.0,216.0,216.0
31162-55,36162-55,291.0,291.0,291.0,291.0,291.0,291.0,291.0,291.0,291.0,291.0,,,291.0,291.0,291.0,291.0,291.0,291.0,291.0,291.0,291.0,291.0,291.0,291.0
31162-49,36162-49,508.0,523.0,533.0,533.0,548.0,568.0,588.0,608.0,908.105,983.105,,,794.0,794.0,819.0,844.0,844.0,869.0,894.0,919.0,919.0,944.0,969.0,1144.0
31162-56,36162-56,290.0,290.0,290.0,290.0,290.0,290.0,290.0,290.0,290.0,290.0,,,290.0,290.0,290.0,290.0,290.0,290.0,290.0,290.0,290.0,290.0,290.0,290.0
31162-50,36162-50,508.0,523.0,533.0,533.0,548.0,568.0,588.0,608.0,908.105,983.105,,,893.0,893.0,918.0,943.0,943.0,968.0,993.0,1018.0,1018.0,1043.0,1068.0,1243.0
31162-52,36162-52,215.0,215.0,215.0,215.0,215.0,215.0,215.0,215.0,215.0,215.0,,,215.0,215.0,215.0,215.0,215.0,215.0,215.0,215.0,215.0,215.0,215.0,215.0
31162-53,36162-53,290.0,290.0,290.0,290.0,290.0,290.0,290.0,290.0,290.0,290.0,,,290.0,290.0,290.0,290.0,290.0,290.0,290.0,290.0,290.0,290.0,290.0,290.0
34162-48,35162-48,73.0,88.0,98.0,98.0,113.0,133.0,153.0,173.0,697.9875,772.9875,,,348.0,348.0,373.0,398.0,398.0,423.0,448.0,473.0,473.0,498.0,523.0,798.0
34162-49,35162-49,83.0,98.0,108.0,108.0,123.0,143.0,163.0,183.0,707.9875,782.9875,,,398.0,398.0,423.0,448.0,448.0,473.0,498.0,523.0,523.0,548.0,573.0,848.0
34162-50,35162-50,93.0,108.0,118.0,118.0,133.0,153.0,173.0,193.0,717.9875,792.9875,,,448.0,448.0,473.0,498.0,498.0,523.0,548.0,573.0,573.0,598.0,623.0,898.0
31199-48,36199-48,629.0,644.0,654.0,654.0,669.0,689.0,709.0,729.0,1254.2625,1329.2625,,,954.0,954.0,979.0,1004.0,1004.0,1029.0,1054.0,1079.0,1079.0,1104.0,1129.0,1404.0
31199-5D,36199-5D,160.0,162.0,162.0,162.0,162.0,162.0,162.0,162.0,162.0,162.0,,,162.0,162.0,162.0,162.0,162.0,162.0,162.0,162.0,162.0,162.0,162.0,162.0
31199-49,36199-49,652.0,667.0,677.0,677.0,692.0,712.0,732.0,752.0,1277.0575,1352.0575,,,977.0,977.0,1002.0,1027.0,1027.0,1052.0,1077.0,1102.0,1102.0,1127.0,1152.0,1427.0
31199-5Q,36199-5Q,161.0,161.0,161.0,161.0,161.0,161.0,161.0,161.0,161.0,161.0,,,161.0,161.0,161.0,161.0,161.0,161.0,161.0,161.0,161.0,161.0,161.0,161.0
31199-50,36199-50,746.0,761.0,771.0,771.0,786.0,806.0,826.0,846.0,1371.1775,1446.1775,,,1071.0,1071.0,1096.0,1121.0,1121.0,1146.0,1171.0,1196.0,1196.0,1221.0,1246.0,1521.0
31199-5K,36199-5K,161.0,161.0,161.0,161.0,161.0,161.0,161.0,161.0,161.0,161.0,,,161.0,161.0,161.0,161.0,161.0,161.0,161.0,161.0,161.0,161.0,161.0,161.0
34199-48,35199-48,97.0,112.0,122.0,122.0,137.0,157.0,177.0,197.0,721.78,796.78,,,372.0,372.0,397.0,422.0,422.0,447.0,472.0,497.0,497.0,522.0,547.0,822.0
34199-49,35199-49,107.0,122.0,132.0,132.0,147.0,167.0,187.0,207.0,731.78,806.78,,,422.0,422.0,447.0,472.0,472.0,497.0,522.0,547.0,547.0,572.0,597.0,872.0
34199-50,35199-50,117.0,132.0,142.0,142.0,157.0,177.0,197.0,217.0,741.78,816.78,,,472.0,472.0,497.0,522.0,522.0,547.0,572.0,597.0,597.0,622.0,647.0,922.0
30814-00,37814-00,26.0,31.0,36.0,36.0,41.0,51.0,61.0,71.0,195.55,225.55,41.0,51.0,48.0,48.0,49.55,49.55,49.55,52.55,57.55,62.55,62.55,67.55,72.55,122.55
30182-B2,37182-B2,77.0,97.0,112.0,112.0,132.0,152.0,172.0,192.0,292.2175,352.2175,,,127.0,127.0,147.0,162.0,162.0,177.0,187.0,197.0,197.0,207.0,217.0,277.0
30200-C1,37200-C1,129.0,134.0,139.0,139.0,144.0,154.0,164.0,169.0,214.22,229.22,144.0,154.0,154.0,154.0,159.0,164.0,164.0,169.0,174.0,179.0,179.0,184.0,189.0,229.0
30201-C1,37201-C1,154.0,159.0,164.0,164.0,169.0,179.0,189.0,194.0,239.22,254.22,169.0,179.0,179.0,179.0,184.0,189.0,189.0,194.0,199.0,204.0,204.0,209.0,214.0,254.0
